customer_id,first_name,last_name,start_date,gender,product,attrition,end_date,location,tenure,age,payment_history
1,Bendix,Nitti,6/19/2022,Male,"Tabasco Sauce, 2 Oz",Female,,15th Floor,40,48,Female
2,Brod,Furnival,2/18/2023,Male,Remy Red,Female,12/27/2022,Suite 94,284,40,Male
3,Nataline,Amer,4/20/2023,Female,"Pesto - Primerba, Paste",Female,,Apt 897,444,21,Female
4,Shanon,Chalfant,1/8/2023,Female,Versatainer Nc - 888,Male,12/12/2022,Room 1671,295,36,Female
5,Zita,Espinosa,6/10/2022,Female,Venison - Ground,Female,6/17/2023,PO Box 35816,359,24,Male
6,Jocko,Hewes,7/8/2023,Male,Scampi Tail,Male,12/20/2023,,73,29,Male
7,Jarrad,Maunsell,6/13/2023,Male,Mortadella,Male,8/14/2023,,413,35,Male
8,Thurston,McGinny,2/10/2023,Male,Wine - Puligny Montrachet A.,Female,12/2/2023,5th Floor,66,23,Male
9,Peyton,Clyma,8/1/2022,Male,Garam Masala Powder,Female,,Apt 926,348,24,Male
10,Stacee,Quigg,4/11/2023,Female,Jameson Irish Whiskey,Female,10/23/2023,PO Box 12837,253,32,Male
11,Flss,Atling,1/18/2023,Female,Potato - Sweet,Female,,PO Box 72919,230,39,Male
12,Liza,MacGaughey,4/16/2023,Female,Wasabi Powder,Female,9/29/2023,Apt 636,135,48,Female
13,Twila,Eglington,9/22/2023,Genderfluid,"Arctic Char - Fresh, Whole",Female,10/19/2023,PO Box 2729,113,40,Male
14,Livvie,Gorvin,3/14/2023,Female,Onions - Green,Male,1/8/2024,Room 441,384,50,Male
15,Dion,Mellows,6/8/2023,Female,Bread - Corn Muffaleta Onion,Male,2/4/2023,,281,23,Female
16,Victoria,Itzkovwitch,10/7/2022,Female,Lettuce - Sea / Sea Asparagus,Female,1/13/2023,Apt 185,10,47,Female
17,Gabrielle,Chapple,9/11/2022,Female,Wine - Sogrape Mateus Rose,Female,,12th Floor,307,39,Male
18,Aurelie,Rosenkranc,5/27/2023,Female,Appetizer - Crab And Brie,Female,1/26/2024,Room 991,245,33,Female
19,Clemmie,Eddington,7/4/2023,Male,Ice Cream Bar - Oreo Cone,Male,2/27/2023,13th Floor,276,42,Female
20,Liz,Lovart,8/2/2022,Bigender,Garbage Bags - Black,Male,1/25/2024,15th Floor,249,43,Female
21,Bastian,Pressdee,8/31/2022,Male,Bay Leaf Fresh,Female,1/27/2023,PO Box 88242,394,18,Female
22,Cozmo,Tarbert,6/14/2023,Male,Quail - Jumbo Boneless,Male,3/8/2023,Suite 51,414,29,Female
23,Em,Lightman,8/20/2023,Female,"Juice - Orange, Concentrate",Female,6/29/2023,PO Box 57342,333,49,Female
24,Blithe,Giraudeau,7/11/2023,Female,Pastry - Chocolate Marble Tea,Female,,Room 74,373,19,Female
25,Suki,Cashmore,7/7/2022,Female,Smoked Paprika,Female,11/15/2022,,376,38,Male
26,Anna-diane,Matushenko,8/12/2023,Female,"Nut - Walnut, Chopped",Male,12/25/2022,,232,31,Female
27,Ingmar,Gerrelt,6/8/2022,Male,Soup - Chicken And Wild Rice,Male,3/21/2023,Room 627,68,39,Male
28,Hamel,Luisetti,6/24/2023,Male,Hummus - Spread,Female,11/14/2022,10th Floor,145,19,Male
29,Penrod,Issacoff,11/19/2022,Male,"Pasta - Detalini, White, Fresh",Female,3/23/2023,PO Box 50119,449,40,Female
30,Garner,Lightman,4/3/2023,Male,"Juice - Orange, 341 Ml",Male,1/8/2023,Room 507,22,28,Male
31,Trixy,Avon,6/12/2023,Female,Basil - Thai,Female,12/27/2022,Room 1272,418,28,Male
32,Elise,De la Eglise,11/23/2022,Female,Beer - Blue Light,Female,1/1/2023,2nd Floor,374,20,Male
33,Maddi,Bloyes,3/25/2023,Female,Marjoram - Fresh,Female,,Room 253,223,31,Male
34,Wallie,Tawn,8/26/2023,Male,Tahini Paste,Male,,Room 1781,59,34,Male
35,Fran,Marchelli,10/23/2022,Female,Cake - Miini Cheesecake Cherry,Male,2/12/2024,PO Box 97232,65,28,Male
36,Townsend,Haresnape,12/17/2022,Male,Longos - Lasagna Beef,Female,4/24/2023,Suite 15,162,33,Female
37,Cello,Hemerijk,12/4/2022,Male,"Wine - Red, Colio Cabernet",Male,9/2/2023,Room 594,241,33,Male
38,Daveta,Wissbey,8/26/2023,Female,Corn Kernels - Frozen,Male,11/22/2022,PO Box 21968,355,47,Male
39,Melvyn,Couve,12/7/2022,Male,Lid Tray - 16in Dome,Female,4/26/2023,Room 50,385,24,Male
40,Stavro,Tabard,6/16/2022,Male,"Pepper - White, Whole",Female,11/26/2022,Suite 57,452,41,Female
41,Dagmar,Chapling,7/14/2022,Female,Kellogs Cereal In A Cup,Male,1/2/2023,Apt 1459,268,33,Male
42,Janessa,Hawken,9/11/2022,Female,Soup - Base Broth Beef,Male,4/6/2023,Suite 70,162,22,Female
43,Tito,Coutthart,3/15/2023,Male,Tea - Herbal I Love Lemon,Male,1/24/2023,Suite 38,127,46,Female
44,Philipa,Munnion,1/2/2023,Female,Sausage - Meat,Male,1/23/2023,Suite 78,408,42,Male
45,Alyss,Fasler,7/30/2022,Female,Spic And Span All Purpose,Male,12/4/2022,,173,37,Male
46,Farrah,Sargent,3/22/2023,Female,Cheese - Camembert,Male,2/10/2024,Suite 3,317,29,Female
47,Seline,Landor,8/16/2023,Female,Loquat,Male,,PO Box 25034,105,20,Male
48,Harri,Hugnet,10/15/2022,Female,"Stock - Veal, Brown",Female,11/30/2022,PO Box 65200,126,24,Male
49,Kelvin,Inglis,1/13/2023,Male,Pie Shell - 9,Female,3/1/2023,7th Floor,240,39,Male
50,Ramsay,Claeskens,7/29/2023,Male,Bread - French Baquette,Female,3/1/2023,Room 1730,338,27,Female
51,Dougy,O'Hartagan,10/21/2022,Male,Bread - French Stick,Male,5/1/2023,Apt 97,101,22,Male
52,Hannis,Kinsell,11/13/2022,Female,Miso Paste White,Female,1/20/2023,PO Box 43533,201,21,Male
53,Julietta,Banane,3/23/2023,Female,Energy - Boo - Koo,Male,12/9/2022,Apt 1562,96,24,Female
54,Margie,Proughten,6/16/2022,Non-binary,Mussels - Frozen,Female,11/26/2022,Room 1473,134,18,Male
55,Errol,Ryson,9/2/2022,Bigender,"Soup - Knorr, Chicken Gumbo",Female,2/24/2023,Apt 108,339,24,Male
56,Constance,Heather,8/4/2022,Female,"Pepper - Chillies, Crushed",Male,5/15/2023,Apt 1642,449,25,Male
57,Hermon,Wandtke,1/25/2023,Male,Honey - Liquid,Female,6/6/2023,Suite 76,247,39,Male
58,Katharina,Le Brum,4/3/2023,Female,"Crush - Orange, 355ml",Female,11/23/2023,Room 461,16,40,Male
59,Keven,Marrow,4/6/2023,Male,Table Cloth 62x114 White,Female,3/6/2023,Room 573,457,24,Male
60,Charmane,Fourman,1/10/2023,Polygender,Turnip - White,Male,6/11/2023,Room 231,11,45,Male
61,Madeleine,April,9/15/2023,Female,Spring Roll Veg Mini,Male,10/1/2023,Room 302,133,47,Female
62,Olag,Kingsley,8/2/2022,Male,"Asparagus - White, Canned",Female,,PO Box 49711,41,46,Male
63,Lelia,Devinn,10/1/2022,Female,Cranberries - Frozen,Female,2/9/2023,PO Box 8651,354,28,Male
64,Shoshana,Welburn,12/28/2022,Female,Mahi Mahi,Female,1/19/2024,Room 276,225,30,Female
65,Issy,Allebone,9/8/2023,Genderqueer,Coriander - Ground,Male,12/9/2022,Room 531,77,41,Male
66,Goldy,Motto,11/20/2022,Female,Mushroom - Crimini,Male,2/14/2023,Suite 62,331,24,Male
67,Helga,Rewcassell,8/17/2023,Female,"Salmon - Whole, 4 - 6 Pounds",Male,,9th Floor,14,37,Male
68,Juliet,Manneville,6/25/2023,Female,Bread - English Muffin,Female,,PO Box 79560,72,25,Female
69,Kendra,Flucker,2/3/2023,Female,Dried Figs,Female,,Suite 71,490,40,Female
70,Gerrie,Rowantree,8/19/2022,Male,"Wine - Magnotta, White",Female,5/24/2023,Apt 1045,113,28,Male
71,Stanislas,Dredge,8/15/2022,Male,Cheese - Valancey,Male,10/23/2023,PO Box 54427,444,24,Female
72,Butch,Boston,8/12/2023,Agender,"Veal - Inside Round / Top, Lean",Female,5/28/2023,Suite 13,319,42,Male
73,Elinor,Domingues,5/19/2023,Female,"Wine - Saint - Bris 2002, Sauv",Female,,PO Box 45670,155,38,Male
74,Reinald,Tutchell,3/29/2023,Male,Pork - European Side Bacon,Female,3/27/2023,Room 1251,444,21,Male
75,Bernete,Flye,8/23/2022,Female,"Bag - Bread, White, Plain",Female,3/25/2023,Suite 53,469,45,Female
76,Kippie,Reavey,1/26/2023,Female,Cucumber - Pickling Ontario,Female,1/18/2023,,44,47,Male
77,Cammi,Sibray,6/8/2022,Female,Flour - Strong Pizza,Male,4/23/2023,,370,29,Female
78,Di,Yemm,8/16/2023,Female,Onions - Cooking,Female,9/22/2023,Suite 52,387,34,Male
79,Katlin,Croker,7/6/2022,Female,"Chicken - White Meat, No Tender",Male,3/2/2023,,274,50,Female
80,Malorie,Rapelli,5/27/2023,Female,Oil - Grapeseed Oil,Male,6/1/2023,Room 1087,397,35,Female
81,Hall,Dutch,6/6/2023,Male,"Salmon - Whole, 4 - 6 Pounds",Male,3/1/2023,PO Box 3194,212,38,Male
82,Lonee,Longrigg,6/12/2022,Female,Gatorade - Fruit Punch,Male,,PO Box 43081,41,38,Female
83,Barnie,McCrostie,6/20/2023,Male,Sugar - Brown,Male,12/28/2023,Room 1102,202,21,Female
84,Yalonda,Morat,1/8/2023,Female,"Soup - Campbells, Cream Of",Female,7/2/2023,PO Box 46407,144,47,Male
85,Findlay,Snap,1/3/2023,Male,"Trout - Rainbow, Fresh",Female,6/14/2023,Room 894,464,50,Male
86,Tish,Butterworth,7/21/2022,Genderfluid,Sprouts - China Rose,Male,,5th Floor,107,27,Male
87,Dav,Gunstone,5/24/2023,Male,Higashimaru Usukuchi Soy,Female,11/9/2022,,133,40,Female
88,Linnie,Badby,4/2/2023,Female,"Cheese - Cheddar, Mild",Female,,Room 1575,75,29,Female
89,Deeann,Grindall,10/4/2022,Genderqueer,Water - San Pellegrino,Male,12/20/2023,12th Floor,218,45,Male
90,Faustine,Glover,5/12/2023,Female,Chocolate - Milk Coating,Female,9/28/2023,Suite 72,301,44,Male
91,Tamas,Ranscome,8/4/2023,Male,"Wine - White, Riesling, Henry Of",Male,,PO Box 50155,401,40,Female
92,Melicent,Jones,11/4/2022,Female,Wooden Mop Handle,Female,3/11/2023,,126,30,Female
93,Sherie,Abbotts,3/21/2023,Female,Irish Cream - Butterscotch,Male,11/12/2023,Apt 1018,99,22,Female
94,Myca,Pethick,1/9/2023,Male,Onions - Pearl,Female,12/25/2022,Apt 978,23,26,Female
95,Lockwood,Dann,10/13/2022,Male,Veal - Osso Bucco,Male,,3rd Floor,66,26,Male
96,Elwin,Kisbee,11/18/2022,Male,Jolt Cola - Electric Blue,Male,12/30/2022,Room 328,130,24,Female
97,Marshal,Boole,4/28/2023,Male,Wine - Barbera Alba Doc 2001,Male,,Suite 70,108,24,Female
98,Rhetta,MacCorley,5/4/2023,Female,Kellogs Special K Cereal,Male,12/17/2022,Suite 73,148,36,Male
99,Malcolm,MacRedmond,8/31/2022,Male,Marzipan 50/50,Female,1/27/2023,Apt 1770,412,45,Male
100,Cyrillus,Gillison,7/5/2023,Male,Potatoes - Pei 10 Oz,Female,6/26/2023,Room 1525,176,29,Male
101,Sawyer,Speeks,5/26/2023,Male,Wine - Cabernet Sauvignon,Female,1/15/2024,8th Floor,358,47,Female
102,Constantine,Shillaber,6/28/2023,Male,"Wine - Red, Cabernet Merlot",Female,11/23/2023,,231,33,Male
103,Vera,Josephsen,5/17/2023,Female,Lamb - Shanks,Female,1/29/2024,PO Box 99974,423,47,Female
104,Marcellina,Bettenay,8/6/2023,Female,Truffle Cups - Red,Male,1/24/2023,Suite 68,171,31,Female
105,Roy,Jaqueminet,3/24/2023,Bigender,Longos - Lasagna Veg,Female,2/10/2023,Suite 51,192,35,Male
106,Binnie,Bellham,2/12/2023,Female,Soupfoamcont12oz 112con,Male,1/3/2024,PO Box 78380,354,48,Female
107,Julio,Polkinghorne,9/25/2022,Male,Rice - Brown,Female,6/10/2023,18th Floor,472,34,Male
108,Dag,Cortese,9/10/2022,Male,Lemon Grass,Male,4/21/2023,Suite 22,358,18,Male
109,Ellissa,Kite,10/16/2022,Female,Glove - Cutting,Female,,PO Box 13308,40,24,Male
110,Averell,Kiehl,8/29/2022,Male,Fond - Neutral,Male,,PO Box 21166,147,48,Female
111,Grant,Voce,9/23/2023,Male,Cheese - Brick With Pepper,Female,3/26/2023,Suite 31,257,47,Male
112,Nefen,Coward,11/13/2022,Male,Container - Foam Dixie 12 Oz,Female,12/15/2023,Apt 1307,439,45,Female
113,Renelle,Lowerson,7/6/2023,Female,Extract - Almond,Male,12/17/2023,18th Floor,309,37,Male
114,Diego,Yesichev,3/9/2023,Male,"Bread - Roll, Italian",Male,10/6/2023,Apt 12,157,25,Male
115,Willow,Callam,12/13/2022,Female,"Red Snapper - Fresh, Whole",Male,1/8/2023,Suite 28,348,43,Female
116,Arda,Aldgate,7/7/2022,Female,Sour Cream,Male,5/26/2023,PO Box 42484,254,41,Female
117,Gypsy,Morch,8/3/2023,Female,Beef - Shank,Male,,,459,42,Female
118,Misha,McCallum,9/25/2022,Female,"Wine - Bourgogne 2002, La",Male,,PO Box 76626,456,47,Female
119,Kaia,Graveney,8/2/2023,Female,Containter - 3oz Microwave Rect.,Female,12/22/2022,Suite 13,484,20,Male
120,Penny,Luke,11/26/2022,Male,"Wine - Magnotta, Merlot Sr Vqa",Female,7/29/2023,1st Floor,470,34,Male
121,Mahalia,Hansed,2/7/2023,Female,Wine - Rioja Campo Viejo,Female,7/14/2023,Suite 30,270,38,Female
122,Myrna,Ahearne,4/17/2023,Female,Vinegar - White Wine,Female,,Room 720,456,30,Female
123,Drucill,Semaine,9/6/2022,Female,Veal - Provimi Inside,Male,11/16/2022,11th Floor,318,49,Male
124,Ber,Cast,5/30/2023,Male,Remy Red Berry Infusion,Female,12/18/2023,Suite 89,277,42,Male
125,Junie,Margrett,9/18/2023,Genderfluid,"Beef - Chuck, Boneless",Female,2/7/2023,Apt 222,298,42,Female
126,Molly,Ecclestone,10/31/2022,Female,"Nut - Pistachio, Shelled",Male,5/11/2023,Suite 78,220,18,Male
127,Massimiliano,Weine,4/7/2023,Male,"Cheese - Woolwich Goat, Log",Female,11/7/2022,Suite 58,258,25,Male
128,Helyn,Atteridge,8/17/2023,Female,Cheese - Pied De Vents,Female,8/15/2023,6th Floor,479,49,Male
129,Jude,Dunbobbin,12/24/2022,Male,White Baguette,Male,9/25/2023,Apt 373,250,49,Female
130,Davide,Ogborne,6/20/2023,Male,"Juice - Cranberry, 341 Ml",Female,8/9/2023,Room 276,314,29,Female
131,Maddi,Housin,6/27/2022,Female,Bread - Rosemary Focaccia,Female,10/13/2023,Room 1309,214,42,Female
132,Moll,Kerner,9/18/2022,Female,Bread - Wheat Baguette,Male,6/20/2023,Room 1412,445,39,Female
133,Ignace,Westgate,8/27/2023,Male,Tia Maria,Female,8/27/2023,Apt 1467,443,26,Female
134,Nesta,Belly,7/12/2023,Female,"Turkey - Whole, Fresh",Female,8/21/2023,Suite 80,417,32,Female
135,Fanya,Jaimez,7/19/2022,Female,Emulsifier,Male,9/5/2023,2nd Floor,437,48,Male
136,Donovan,Murdy,9/24/2022,Male,Soup - Tomato Mush. Florentine,Male,5/15/2023,1st Floor,105,29,Male
137,Kristel,Bauldry,7/24/2023,Female,"Yogurt - Banana, 175 Gr",Male,2/28/2023,Apt 924,324,50,Male
138,Paddy,Scaife,9/14/2023,Male,Pastry - French Mini Assorted,Male,11/2/2023,Suite 32,375,28,Male
139,Nick,Wafer,3/7/2023,Male,Soup - Campbells Chili,Female,12/29/2023,19th Floor,171,30,Female
140,Margi,Jaslem,9/20/2023,Female,Nantucket Pine Orangebanana,Female,10/9/2023,Suite 98,211,22,Male
141,Andonis,Sandeson,10/17/2022,Male,Milk - Chocolate 250 Ml,Female,,Apt 585,125,21,Male
142,Melania,Laugharne,8/26/2022,Female,"Oil - Shortening,liqud, Fry",Female,5/6/2023,Room 1961,222,30,Female
143,Mae,Guyers,8/24/2023,Female,Glycerine,Female,,PO Box 86859,178,19,Male
144,Cally,Decent,8/23/2022,Polygender,Flower - Potmums,Female,5/10/2023,PO Box 25844,245,48,Female
145,Salomo,Alderwick,9/4/2022,Male,Foil Cont Round,Male,,PO Box 23174,130,46,Male
146,Bryn,Tadman,4/1/2023,Female,Bagelers - Cinn / Brown,Female,11/28/2023,Room 1639,270,32,Male
147,Matthaeus,Spatari,9/29/2022,Male,Oyster - In Shell,Female,5/7/2023,12th Floor,78,48,Male
148,Sonny,Mc Caghan,5/14/2023,Female,Shrimp - Black Tiger 26/30,Female,1/6/2023,Apt 518,171,41,Female
149,Laurice,Hazzard,7/15/2023,Polygender,Olives - Kalamata,Female,5/28/2023,2nd Floor,385,20,Female
150,Katrina,Gargett,7/6/2022,Female,Rice - Sushi,Male,,8th Floor,254,27,Female
151,Jade,January,10/11/2022,Female,Sprouts - Brussel,Female,11/10/2023,13th Floor,72,36,Female
152,Charlena,Sketh,12/6/2022,Female,Lobster - Cooked,Male,11/11/2023,,365,35,Female
153,Sasha,McLurg,9/18/2023,Male,"Jam - Blackberry, 20 Ml Jar",Male,12/21/2023,Suite 81,423,25,Female
154,Nesta,Du Hamel,3/3/2023,Female,Pike - Frozen Fillet,Male,,Room 587,474,21,Female
155,Josias,Lightowler,7/21/2023,Male,Mustard - Seed,Male,6/30/2023,Apt 282,35,50,Male
156,Torrie,Linck,4/9/2023,Female,Cheese - Perron Cheddar,Male,9/7/2023,Suite 94,376,36,Female
157,Ruddie,Marrow,7/15/2023,Male,Pecan Raisin - Tarts,Female,12/3/2023,16th Floor,469,49,Male
158,Bernard,Malim,1/30/2023,Male,Wine - Jackson Triggs Okonagan,Female,,PO Box 57623,112,42,Male
159,Larine,Furbank,5/2/2023,Female,Duck - Legs,Female,11/14/2023,13th Floor,475,50,Female
160,Ranique,Ketts,4/6/2023,Female,Seaweed Green Sheets,Female,,Room 1157,108,49,Male
161,Avram,Deniske,4/16/2023,Male,Egg - Salad Premix,Male,4/15/2023,PO Box 47728,169,45,Male
162,Neala,Lunk,8/8/2022,Female,Bandage - Finger Cots,Female,2/2/2024,Suite 44,276,34,Female
163,Kippy,Wooler,2/13/2023,Female,"Bread - Rolls, Rye",Male,7/13/2023,Suite 91,29,47,Female
164,Marchall,Barkas,7/23/2022,Male,Egg - Salad Premix,Female,,Suite 5,346,31,Male
165,Shannan,Durno,8/7/2022,Male,"Soup - Knorr, Veg / Beef",Female,11/7/2022,Room 705,17,44,Male
166,Calli,Gammel,9/14/2022,Female,Bacardi Limon,Male,1/31/2024,19th Floor,299,43,Male
167,Joelly,Jarrold,8/30/2022,Female,Wine - Alsace Gewurztraminer,Male,4/2/2023,Apt 1392,355,44,Male
168,Cob,Parsisson,9/20/2023,Polygender,Water - Perrier,Female,12/16/2023,Apt 1866,277,40,Female
169,Valentine,Waterstone,1/16/2023,Male,Peach - Fresh,Female,,Apt 964,390,44,Female
170,Pattin,Fernanando,4/26/2023,Male,Plastic Wrap,Female,,PO Box 18720,394,29,Female
171,Zack,Backshaw,5/12/2023,Male,Tea - Lemon Scented,Female,8/13/2023,16th Floor,189,36,Male
172,Abbie,Ruscoe,4/2/2023,Male,Wine - Domaine Boyar Royal,Male,,5th Floor,293,42,Female
173,Lucy,Dunbar,8/21/2022,Bigender,Appetizer - Chicken Satay,Female,2/13/2024,Apt 1203,471,31,Female
174,Niels,Arnson,9/16/2022,Genderqueer,"Pasta - Lasagne, Fresh",Female,2/28/2023,20th Floor,204,26,Male
175,Ricoriki,Wrennall,7/14/2023,Male,Crab Meat Claw Pasteurise,Female,2/5/2023,7th Floor,70,34,Female
176,Sly,Roake,1/11/2023,Male,Bread Foccacia Whole,Female,8/4/2023,1st Floor,100,22,Male
177,Caitrin,Copyn,8/28/2022,Female,Wine - Ej Gallo Sierra Valley,Male,,16th Floor,107,50,Male
178,Sibelle,Rispine,12/12/2022,Female,Cheese - Bocconcini,Female,7/6/2023,Apt 1636,125,28,Male
179,Hollie,Lanfranconi,8/7/2022,Female,Breadfruit,Female,10/8/2023,Suite 70,453,36,Male
180,Aleda,McGrory,6/30/2022,Female,Cheese Cloth No 100,Male,4/28/2023,Apt 1633,257,39,Male
181,Woodman,Pimblett,7/13/2022,Male,Soup - Cream Of Potato / Leek,Male,1/26/2023,Apt 673,41,22,Male
182,Juana,Oldham,11/24/2022,Female,"Chicken - White Meat, No Tender",Male,5/7/2023,Apt 1922,462,44,Female
183,Mickie,Bonehill,10/30/2022,Male,Sponge Cake Mix - Chocolate,Female,11/22/2022,Room 1656,337,35,Female
184,Ag,Althrope,8/31/2023,Genderqueer,"Wine - White, Lindemans Bin 95",Male,2/25/2023,Apt 288,389,38,Female
185,Hyacinth,Alster,9/8/2022,Female,Yogurt - Assorted Pack,Female,7/31/2023,PO Box 17126,392,31,Female
186,Arlena,Cuppleditch,6/14/2023,Female,"Salmon - Atlantic, Skin On",Female,11/30/2023,Suite 54,358,41,Female
187,Jermaine,Cakebread,5/22/2023,Male,"Pepper - White, Whole",Female,,,115,23,Female
188,Raychel,Atkyns,11/16/2022,Female,"Soup - Knorr, Classic Can. Chili",Male,1/4/2023,20th Floor,224,33,Male
189,Matt,Lemar,8/31/2023,Male,Sage Derby,Male,6/6/2023,Room 502,19,23,Female
190,Brook,Saunper,8/9/2023,Female,"Chocolate - Milk, Callets",Female,9/12/2023,19th Floor,350,41,Female
191,Elita,Kinvan,8/4/2023,Non-binary,Pepper - Green Thai,Male,2/20/2023,Room 734,209,40,Male
192,Monica,Pues,1/1/2023,Female,"Lemonade - Island Tea, 591 Ml",Female,11/25/2022,PO Box 65388,303,39,Male
193,Geoffry,Naisbit,8/20/2022,Male,Black Currants,Male,,PO Box 45139,469,49,Female
194,Kalindi,Synnot,12/19/2022,Female,Soup - Base Broth Chix,Male,8/29/2023,Apt 1544,409,26,Male
195,Nollie,Tumilty,2/1/2023,Male,Pork - Ham Hocks - Smoked,Male,1/22/2023,10th Floor,407,19,Female
196,Bryanty,Comberbach,11/6/2022,Male,Catfish - Fillets,Male,5/11/2023,Room 1298,457,21,Female
197,Kay,Follitt,7/12/2023,Female,Wine - Black Tower Qr,Female,12/30/2022,18th Floor,158,32,Female
198,Belle,Simmons,8/26/2023,Female,Table Cloth 81x81 Colour,Male,4/18/2023,Apt 1046,488,42,Female
199,Davis,Shellsheere,12/24/2022,Male,Soup - Cream Of Potato / Leek,Female,11/22/2022,Suite 88,274,39,Female
200,Julita,Laurent,12/15/2022,Female,Wild Boar - Tenderloin,Female,9/26/2023,PO Box 9369,39,18,Male
201,Lion,McElrea,4/21/2023,Male,Bagel - Everything Presliced,Female,7/9/2023,Apt 75,288,31,Female
202,Hinze,Hallatt,1/20/2023,Male,Compound - Mocha,Female,,Room 1318,73,36,Female
203,Cassondra,Hourahan,2/13/2023,Female,Sauce - Oyster,Female,11/24/2022,Room 168,201,33,Female
204,Benedicto,Revening,10/20/2022,Male,Table Cloth 72x144 White,Female,6/28/2023,Room 1592,207,38,Male
205,Zerk,Bawdon,10/3/2022,Male,Ice Cream Bar - Drumstick,Male,3/28/2023,Room 1707,318,31,Female
206,Gabie,Rothert,7/29/2023,Female,Juice - Lemon,Female,8/20/2023,Apt 1199,494,49,Male
207,Heriberto,Thumann,5/13/2023,Male,"Rum - White, Gg White",Male,11/9/2022,PO Box 39176,291,21,Male
208,Candra,Rizzo,9/5/2022,Female,Tea Leaves - Oolong,Female,,Apt 677,240,31,Female
209,Vanessa,Sturman,8/25/2022,Female,Table Cloth 54x72 White,Female,6/23/2023,PO Box 57695,465,42,Male
210,Sharity,Matousek,9/17/2023,Female,Bread Base - Italian,Male,,Suite 8,469,45,Female
211,Yoshiko,Mulcahy,6/5/2022,Female,Paper - Brown Paper Mini Cups,Male,4/11/2023,,310,43,Male
212,Beatrice,Cuncarr,4/12/2023,Female,Ham - Cooked,Female,12/23/2023,Suite 58,249,49,Male
213,Merle,Liversage,6/13/2022,Male,Cheese - Cream Cheese,Male,1/7/2024,5th Floor,467,34,Female
214,Jelene,Binch,5/25/2023,Female,Pickerel - Fillets,Female,11/25/2023,,136,35,Female
215,Mada,Maryet,9/16/2022,Female,Mahi Mahi,Male,12/16/2023,,480,41,Male
216,Dallas,Pugh,9/1/2022,Female,Gloves - Goldtouch Disposable,Female,,Apt 1641,386,38,Female
217,Nariko,Sargison,6/21/2022,Female,Chervil - Fresh,Female,9/16/2023,Suite 49,55,50,Female
218,Alard,Wimsett,5/16/2023,Male,English Muffin,Male,1/29/2023,PO Box 72384,193,28,Female
219,Rem,Tumilty,9/24/2023,Male,Sobe - Tropical Energy,Male,6/4/2023,PO Box 80437,344,26,Female
220,Ignazio,Spybey,12/26/2022,Male,Rice - Long Grain,Female,5/1/2023,PO Box 19962,283,28,Female
221,Maryanna,Memmory,7/27/2022,Female,Flour - Strong Pizza,Male,,Room 435,229,50,Male
222,Sophey,Allchorn,1/21/2023,Female,Wine - Champagne Brut Veuve,Female,8/16/2023,16th Floor,100,37,Male
223,Bevvy,Shoreman,8/8/2022,Female,Soup - Chicken And Wild Rice,Male,12/24/2022,Suite 34,37,29,Female
224,Shirley,Fry,9/15/2023,Genderqueer,Honey - Comb,Male,5/17/2023,2nd Floor,33,45,Male
225,Wells,Hadye,9/25/2023,Male,"Split Peas - Yellow, Dry",Female,5/22/2023,16th Floor,421,35,Male
226,Roddy,Cavan,8/1/2023,Male,Muffin - Mix - Strawberry Rhubarb,Female,1/22/2023,Suite 62,383,48,Female
227,Clarke,Tite,4/20/2023,Male,Juice - Apple Cider,Female,,Apt 1538,298,41,Female
228,Lynnea,Hanscomb,2/22/2023,Female,Toamtoes 6x7 Select,Male,3/4/2023,Room 1514,248,28,Male
229,Andriana,Shimwell,4/22/2023,Female,Wine - Penfolds Koonuga Hill,Male,11/29/2022,20th Floor,167,18,Female
230,Emmie,Bosman,1/12/2023,Female,"Olives - Black, Pitted",Female,12/3/2022,Apt 268,147,38,Female
231,Roslyn,Anespie,4/9/2023,Female,Pork - European Side Bacon,Female,3/11/2023,Suite 80,132,41,Male
232,Jo-anne,Sowman,11/2/2022,Female,Sausage - Chorizo,Female,2/20/2024,15th Floor,335,22,Male
233,Reinwald,Carriage,7/26/2022,Male,"Tart Shells - Savory, 4",Female,1/30/2024,8th Floor,475,30,Female
234,Sandy,Oakes,8/21/2022,Female,"Tart Shells - Sweet, 3",Female,,Room 709,135,22,Female
235,Siffre,Florez,1/31/2023,Male,Venison - Liver,Male,9/25/2023,PO Box 20145,336,32,Male
236,Bethany,Heathcoat,11/11/2022,Female,Oil - Avocado,Male,9/2/2023,,388,19,Female
237,Stafani,McAless,1/2/2023,Bigender,Beef Ground Medium,Female,9/17/2023,Suite 36,106,41,Female
238,Patty,Crop,10/29/2022,Male,Haggis,Female,2/25/2024,,449,30,Male
239,Caron,Mandal,3/27/2023,Female,Soap - Mr.clean Floor Soap,Female,8/19/2023,Suite 95,272,50,Male
240,Esma,Haydock,12/5/2022,Female,Wine - Rosso Toscano Igt,Male,5/24/2023,Apt 196,201,21,Female
241,Sylvia,Carlsen,12/8/2022,Female,"Soup - Cream Of Broccoli, Dry",Female,1/19/2024,PO Box 83750,456,50,Female
242,Constantine,Forsaith,12/17/2022,Male,Apron,Female,,Suite 55,236,46,Male
243,Tracy,Pattrick,9/24/2023,Male,Propel Sport Drink,Female,2/8/2024,5th Floor,335,23,Female
244,Kaitlynn,O Sullivan,6/20/2023,Female,Coffee - Espresso,Female,12/29/2023,PO Box 55353,6,27,Female
245,Tod,Cullimore,8/11/2022,Male,"Turnip - White, Organic",Female,5/30/2023,Apt 188,268,29,Male
246,Merissa,Benzies,10/12/2022,Female,"Turkey - Breast, Bone - In",Male,5/19/2023,PO Box 73077,45,49,Male
247,Kimberley,Manuaud,2/1/2023,Female,Shark - Loin,Male,7/5/2023,PO Box 28561,334,42,Male
248,Purcell,Haile,7/19/2023,Male,Cheese - Roquefort Pappillon,Male,11/28/2022,Suite 14,326,25,Female
249,Mervin,Crallan,12/23/2022,Non-binary,Coffee Guatemala Dark,Male,2/27/2023,13th Floor,342,46,Male
250,Scott,Shapter,8/9/2023,Male,Couscous,Male,11/23/2022,,77,30,Female
251,Garfield,Di Matteo,8/29/2023,Male,Longos - Greek Salad,Male,1/8/2024,Room 1481,6,30,Male
252,Alair,Orrah,5/18/2023,Male,"Oranges - Navel, 72",Male,9/20/2023,Apt 1747,196,42,Male
253,Druci,Blastock,9/24/2023,Female,Gooseberry,Male,2/13/2023,PO Box 86837,430,41,Female
254,Aldo,McDavitt,9/24/2022,Non-binary,"Oil - Olive, Extra Virgin",Male,12/13/2022,Apt 1658,310,35,Male
255,Ardisj,Dottrell,2/26/2023,Female,Bonito Flakes - Toku Katsuo,Female,11/8/2023,Room 959,394,43,Male
256,Ezri,Weale,9/16/2023,Male,Tea - Black Currant,Male,6/15/2023,Apt 884,24,39,Female
257,Virgie,Vallow,7/2/2023,Genderfluid,"Jam - Strawberry, 20 Ml Jar",Female,3/11/2023,Room 668,430,48,Female
258,Doralynne,Giffen,9/14/2023,Female,Beer - Sleemans Cream Ale,Female,12/19/2022,Suite 33,258,22,Female
259,Katlin,Richold,3/13/2023,Female,Dc - Frozen Momji,Female,11/15/2023,PO Box 48250,74,31,Female
260,Arlin,Tilbrook,8/16/2022,Male,Chips - Doritos,Female,8/29/2023,Apt 951,169,23,Female
261,Sephira,Tedorenko,9/9/2022,Female,Shrimp - Black Tiger 13/15,Female,12/11/2022,Suite 17,413,25,Female
262,Orion,Huetson,9/11/2023,Male,Beer - Fruli,Female,11/10/2022,Room 493,335,29,Female
263,Katti,Pagitt,11/2/2022,Female,Sproutsmustard Cress,Female,11/10/2022,Suite 53,223,32,Female
264,Wallie,Helian,8/25/2023,Male,Table Cloth 53x53 White,Male,,Room 576,76,32,Female
265,Cati,Plank,7/30/2022,Female,"Beets - Candy Cane, Organic",Male,3/6/2023,14th Floor,107,37,Female
266,Roderigo,Rosewarne,2/3/2023,Male,Asparagus - Mexican,Female,10/2/2023,Room 797,34,24,Male
267,Aubree,Chadburn,12/24/2022,Female,Appetizer - Tarragon Chicken,Male,4/5/2023,4th Floor,148,31,Male
268,Tyrone,Ciccarello,1/5/2023,Male,Pie Filling - Cherry,Male,3/3/2023,Suite 26,209,34,Male
269,Micki,Padwick,8/16/2023,Female,Wine - Zinfandel Rosenblum,Female,12/24/2022,Room 119,212,35,Female
270,Derek,Nys,9/21/2023,Male,Sprouts Dikon,Female,11/8/2022,3rd Floor,472,25,Male
271,Gill,Chichgar,4/27/2023,Female,Beer - Mill St Organic,Female,7/26/2023,Suite 97,487,50,Male
272,Jessica,Brittain,2/28/2023,Female,"Rosemary - Primerba, Paste",Female,11/16/2023,,178,20,Female
273,Enrique,Gaule,11/4/2022,Male,"Salmon - Atlantic, Fresh, Whole",Male,12/13/2022,Room 1955,31,30,Female
274,Fabiano,Duerden,7/31/2023,Male,Potatoes - Idaho 100 Count,Male,5/18/2023,7th Floor,182,44,Female
275,Dirk,Pavlasek,2/8/2023,Male,Tea - Camomele,Male,2/7/2024,Suite 51,359,45,Male
276,Gar,Batcock,11/26/2022,Male,Chocolate Eclairs,Female,,Suite 89,401,44,Female
277,Beverley,Pottery,7/29/2022,Female,Salt And Pepper Mix - White,Male,11/6/2023,Room 936,30,44,Female
278,Darren,Lattin,1/18/2023,Male,Anchovy Paste - 56 G Tube,Female,12/13/2023,Suite 91,483,46,Male
279,Peterus,Fabb,5/6/2023,Male,Bread Base - Toscano,Female,1/16/2024,Suite 79,167,29,Female
280,Lowe,Blenkin,8/23/2023,Male,Octopus,Female,,PO Box 539,119,31,Male
281,Tremayne,Santos,4/10/2023,Male,Table Cloth 62x120 White,Female,10/18/2023,Suite 66,34,32,Female
282,Ryley,Anscott,8/1/2022,Male,Kirsch - Schloss,Female,6/23/2023,Room 537,403,22,Female
283,Tobit,Damarell,3/18/2023,Male,Island Oasis - Peach Daiquiri,Female,1/15/2023,PO Box 48453,229,49,Female
284,Lisle,Sessions,11/29/2022,Male,Corn Meal,Male,12/9/2022,Suite 57,320,33,Male
285,Lisette,Gettens,4/5/2023,Female,Capers - Ox Eye Daisy,Male,12/10/2023,PO Box 47445,266,23,Male
286,Vonni,Manners,7/30/2023,Female,Vinegar - Red Wine,Female,11/6/2022,Room 859,328,22,Male
287,Nathanil,Hattam,6/14/2022,Male,Butter - Salted,Male,7/27/2023,Room 88,41,46,Female
288,Sigismund,Luddy,2/24/2023,Male,Beer - Sleemans Honey Brown,Female,,PO Box 87537,458,19,Female
289,Ancell,Eggers,8/9/2022,Male,Dasheen,Male,11/26/2023,Suite 94,125,49,Male
290,Ethelbert,Mayzes,1/18/2023,Male,"Jam - Strawberry, 20 Ml Jar",Female,11/25/2023,Room 320,141,38,Female
291,Sollie,Veryan,1/1/2023,Male,"Olives - Green, Pitted",Female,12/11/2022,5th Floor,449,23,Female
292,Shell,Giffon,6/24/2022,Male,Lobster - Live,Male,1/11/2024,Apt 1324,117,25,Male
293,Thorsten,Eckery,3/15/2023,Bigender,Juice - Orangina,Male,5/29/2023,Suite 59,64,46,Female
294,Cathyleen,Sands-Allan,4/17/2023,Female,Beef - Top Sirloin - Aaa,Male,6/7/2023,PO Box 71255,431,46,Male
295,Arnaldo,Kerans,6/24/2023,Male,Crackers Cheez It,Male,1/3/2024,Room 1187,272,45,Male
296,Tracey,Casellas,5/19/2023,Male,Sobe - Green Tea,Male,10/15/2023,PO Box 73739,230,42,Male
297,Neely,Siaspinski,10/5/2022,Female,Wine - Zonnebloem Pinotage,Female,2/9/2024,Apt 1824,320,40,Female
298,Kathryne,De Moreno,6/2/2022,Female,"Veal - Brisket, Provimi, Bone - In",Female,11/14/2022,Suite 28,111,50,Male
299,Banky,Bartlomiej,1/22/2023,Male,Bread - Ciabatta Buns,Female,2/21/2023,6th Floor,120,32,Female
300,Annetta,MacClure,9/23/2023,Female,Sultanas,Male,12/8/2022,18th Floor,315,41,Female
301,Elroy,Langan,11/2/2022,Male,Asparagus - Frozen,Male,2/12/2023,Room 1628,221,20,Male
302,Lotta,Klesl,9/1/2022,Female,Veal - Striploin,Male,11/1/2023,Room 1903,270,34,Female
303,Evangelia,Lester,12/31/2022,Agender,Wine - Trimbach Pinot Blanc,Male,10/2/2023,Apt 44,124,41,Female
304,Trudi,Drains,9/20/2023,Female,Salmon Steak - Cohoe 8 Oz,Male,1/27/2024,PO Box 45610,47,39,Male
305,Orlan,Crispin,1/9/2023,Male,"Oil - Truffle, White",Female,,PO Box 29276,43,27,Female
306,Engelbert,Smithers,7/1/2023,Male,Tomato - Tricolor Cherry,Female,3/11/2023,3rd Floor,380,23,Female
307,Lief,Kitson,9/30/2022,Male,Tea - Apple Green Tea,Male,12/20/2022,Apt 125,419,39,Male
308,Parsifal,Klainman,10/22/2022,Male,Bread - Olive,Male,4/10/2023,Room 104,452,35,Male
309,Berenice,Garvill,1/7/2023,Agender,Sugar - Crumb,Female,12/30/2022,PO Box 15076,400,30,Male
310,Gabie,Pessolt,9/13/2023,Non-binary,Truffle Shells - Semi - Sweet,Female,,Suite 95,450,46,Male
311,Hale,Chicchetto,9/1/2023,Male,Wine - Riesling Dr. Pauly,Male,3/6/2023,Apt 288,241,30,Male
312,Selie,Edgcumbe,3/25/2023,Female,Cheese - Brick With Pepper,Female,12/1/2023,Room 1695,225,42,Male
313,Jamima,Jellicorse,5/6/2023,Female,Pepperoni Slices,Female,,Suite 61,407,44,Male
314,Hersch,Barlass,8/18/2022,Male,Pepsi - 600ml,Male,8/30/2023,PO Box 33235,352,47,Female
315,Allianora,MacTrustram,5/25/2023,Female,Chocolate - Compound Coating,Female,11/29/2022,Suite 76,113,30,Male
316,Bayard,Plant,9/4/2023,Polygender,Kahlua,Male,,Suite 93,351,37,Female
317,Rosmunda,Higgonet,5/11/2023,Genderqueer,Glaze - Clear,Female,1/12/2024,Apt 360,360,32,Male
318,Cchaddie,Breissan,2/2/2023,Male,Cheese - Oka,Male,2/19/2024,,384,37,Male
319,Norina,Focke,5/20/2023,Female,Tandoori Curry Paste,Male,9/24/2023,15th Floor,91,28,Female
320,Phyllys,Haley,10/5/2022,Female,Curry Paste - Madras,Male,,Apt 279,11,19,Female
321,Darrel,Phizacklea,8/24/2022,Male,Rice - Wild,Female,5/11/2023,Suite 34,120,24,Male
322,Remus,Butcher,8/2/2023,Male,Mince Meat - Filling,Male,1/30/2024,,65,46,Female
323,Marin,Gianulli,7/28/2022,Female,Sugar Thermometer,Male,1/30/2024,,280,28,Male
324,Sophie,Corstorphine,8/9/2022,Female,Bacardi Breezer - Tropical,Male,6/6/2023,,315,32,Female
325,Alexis,Mustchin,2/15/2023,Female,Bonito Flakes - Toku Katsuo,Female,1/17/2023,Apt 1218,23,30,Female
326,Herold,Burchill,11/12/2022,Male,Table Cloth 62x114 White,Female,6/21/2023,Room 46,45,25,Male
327,Grier,Duchart,9/19/2023,Female,Apple - Granny Smith,Female,1/24/2024,PO Box 88242,242,48,Male
328,Lenee,Moulder,4/15/2023,Polygender,Dried Apple,Female,12/29/2022,Apt 1310,149,31,Male
329,Lida,Scantlebury,5/2/2023,Female,Beans - French,Female,1/21/2024,Apt 1685,309,43,Female
330,Matthaeus,Scrivener,5/15/2023,Male,Flour - Teff,Female,12/5/2023,Room 1034,299,43,Female
331,Adela,Dalloway,6/26/2022,Female,Wine - Hardys Bankside Shiraz,Male,2/28/2024,Room 1100,64,30,Male
332,Shayne,Idell,6/1/2022,Female,Rice - Aborio,Female,,1st Floor,238,25,Female
333,Orville,Bagott,8/18/2023,Male,The Pop Shoppe - Black Cherry,Male,,Apt 1482,451,20,Female
334,Nancee,Lehmann,7/23/2022,Bigender,Wine - Rubyport,Female,6/21/2023,Room 806,376,23,Female
335,Chrisy,Leathers,8/17/2022,Male,"Wine - Saint - Bris 2002, Sauv",Female,8/4/2023,,424,46,Female
336,Adaline,Kubu,6/8/2022,Female,"Pork - Loin, Center Cut",Male,,2nd Floor,161,38,Female
337,Pauly,Baitman,6/30/2023,Female,Wine - Rioja Campo Viejo,Female,1/21/2023,Suite 13,327,28,Female
338,Morie,Sansam,9/24/2022,Male,"Club Soda - Schweppes, 355 Ml",Male,12/11/2022,4th Floor,178,22,Female
339,Alford,Holtham,3/1/2023,Male,"Lentils - Green, Dry",Male,12/21/2022,,189,46,Male
340,Lesli,Itschakov,7/29/2022,Female,Red Currant Jelly,Female,5/11/2023,Apt 1495,420,47,Female
341,Mickie,Sheerin,3/10/2023,Male,"Salmon - Atlantic, Fresh, Whole",Female,1/5/2023,Room 1007,259,46,Male
342,Janith,Yarrall,12/15/2022,Agender,The Pop Shoppe - Root Beer,Male,11/11/2023,10th Floor,229,28,Male
343,Mehetabel,Blazey,3/5/2023,Female,"Nut - Almond, Blanched, Whole",Female,8/13/2023,Apt 155,160,22,Male
344,Gannon,Craythorne,1/12/2023,Male,Wine - Delicato Merlot,Female,12/6/2023,8th Floor,448,50,Male
345,Enrika,Andersson,1/11/2023,Female,Bread Bowl Plain,Female,10/10/2023,Apt 1674,203,46,Male
346,Dev,Walkinshaw,9/4/2023,Male,White Fish - Filets,Male,9/14/2023,Suite 89,316,50,Female
347,Myrvyn,Bleazard,9/26/2023,Male,"Wine - White, Riesling, Henry Of",Female,12/28/2023,,300,22,Male
348,Laughton,Kempson,2/27/2023,Male,Wine - Cave Springs Dry Riesling,Male,8/25/2023,20th Floor,248,22,Male
349,Wittie,Shaddock,8/9/2023,Non-binary,Rabbit - Legs,Female,11/18/2022,Room 1321,78,33,Male
350,Lucila,Pearsey,6/20/2022,Female,Bagel - Whole White Sesame,Male,4/21/2023,Suite 26,285,38,Female
351,Celestyn,Brownfield,6/14/2022,Female,"Nut - Walnut, Chopped",Female,,Room 1834,386,40,Male
352,Deanne,Allsop,12/17/2022,Female,Sausage - Chorizo,Female,,Room 1575,431,20,Female
353,Sigismond,Bour,2/26/2023,Male,Bread - Wheat Baguette,Male,,PO Box 51307,246,20,Male
354,Alistair,Aspinall,8/20/2023,Male,Carroway Seed,Male,11/21/2023,12th Floor,428,39,Female
355,Lucinda,McQueen,2/27/2023,Female,Oil - Macadamia,Female,9/27/2023,Apt 721,345,21,Female
356,Darya,Jankiewicz,6/6/2022,Female,Ice Cream - Super Sandwich,Female,3/3/2023,Apt 1949,225,25,Female
357,Kellsie,Gwilliam,7/18/2022,Female,Vinegar - White,Male,1/10/2024,Apt 315,177,35,Male
358,Bernarr,Raatz,3/4/2023,Male,"Tart Shells - Barquettes, Savory",Male,,Suite 94,452,27,Male
359,Thorn,Plaunch,5/3/2023,Male,"Sauce - White, Mix",Male,1/7/2024,,386,38,Male
360,Emili,Braisted,1/16/2023,Bigender,"Bread - Sticks, Thin, Plain",Male,4/2/2023,18th Floor,387,20,Male
361,Derby,Lyles,6/14/2022,Male,Mousse - Banana Chocolate,Female,11/23/2022,Suite 6,111,44,Female
362,Daisy,Puzey,8/22/2023,Female,"Soup - Campbells, Cream Of",Male,7/24/2023,3rd Floor,78,44,Male
363,Hatty,Beamiss,4/1/2023,Female,Mortadella,Male,7/31/2023,16th Floor,134,18,Female
364,Mortie,Dudhill,2/1/2023,Male,"Doilies - 12, Paper",Male,,PO Box 59097,498,31,Male
365,Concordia,Mulliss,8/10/2023,Female,Apple - Macintosh,Male,2/23/2023,PO Box 13468,67,21,Male
366,Rachele,Victory,11/3/2022,Female,Cheese Cloth No 60,Female,12/24/2023,,424,42,Male
367,Frankie,Borgesio,4/19/2023,Female,Sauce - Thousand Island,Female,,Apt 825,238,21,Female
368,Leontyne,Maskelyne,9/8/2022,Female,Rye Special Old,Male,,15th Floor,198,22,Male
369,Ben,Maryott,3/2/2023,Male,Nantucket - Kiwi Berry Cktl.,Male,7/2/2023,Apt 850,192,31,Male
370,Myrtie,Cambridge,9/10/2022,Female,Salt - Seasoned,Female,12/7/2023,Room 1836,458,40,Male
371,Zahara,Silverman,11/21/2022,Female,Dried Figs,Male,1/4/2023,PO Box 67431,274,40,Female
372,Jarrett,Nolda,8/12/2023,Male,Chinese Foods - Cantonese,Female,3/10/2023,Room 1213,154,27,Female
373,Hildegaard,Votier,6/1/2023,Female,Squid - Breaded,Male,1/3/2024,Room 1138,95,37,Male
374,Polly,Spir,7/1/2023,Female,Wine - Rioja Campo Viejo,Male,12/18/2023,Suite 79,253,44,Female
375,Eileen,Maffeo,6/8/2023,Female,"Bread - Roll, Italian",Male,8/16/2023,Room 1254,38,23,Male
376,Tabby,Tomicki,9/1/2023,Female,"Chestnuts - Whole,canned",Female,2/20/2024,Suite 1,171,25,Male
377,Dalia,McEttigen,6/13/2023,Female,Eggplant - Regular,Female,7/11/2023,Room 1260,338,42,Female
378,Lyndsey,Antill,8/25/2023,Female,Cup - Paper 10oz 92959,Female,6/18/2023,PO Box 26026,312,28,Male
379,Moishe,Mathely,9/15/2023,Male,Beef - Tenderloin,Male,1/11/2023,Apt 334,493,38,Female
380,Bobbye,Borres,12/19/2022,Female,Ham Black Forest,Female,5/6/2023,Apt 1727,404,47,Female
381,Rani,Disbrey,12/1/2022,Female,Wine - Prosecco Valdobienne,Female,9/15/2023,Apt 1018,209,50,Female
382,Cicely,Birkby,8/30/2022,Female,Wine - Savigny - Les - Beaune,Female,,15th Floor,133,23,Female
383,Wash,Extill,1/31/2023,Male,Cheese - Swiss,Female,1/21/2024,Apt 1050,318,28,Male
384,Charlton,Dhillon,10/10/2022,Male,Cookie Double Choco,Male,11/9/2023,Suite 55,384,37,Female
385,Gearard,Gooble,12/8/2022,Male,Smoked Paprika,Male,,,163,40,Male
386,Sisely,McNulty,4/29/2023,Female,Tamarind Paste,Female,9/15/2023,Suite 94,255,22,Male
387,Noby,Muat,6/17/2023,Male,"Oil - Truffle, Black",Male,8/8/2023,Apt 708,199,50,Male
388,Atlante,Moncarr,6/5/2023,Female,Cornstarch,Male,4/16/2023,PO Box 49929,46,24,Male
389,Darcie,Sprowle,9/19/2022,Female,Eggplant Italian,Female,12/1/2023,PO Box 54938,126,29,Female
390,Alexander,Neilus,7/4/2023,Male,Yeast Dry - Fleischman,Male,11/14/2023,Apt 697,480,30,Male
391,Noby,Tufts,8/15/2023,Male,Tea - Decaf Lipton,Male,10/7/2023,,441,18,Female
392,Farlee,Haggus,8/27/2022,Male,Soup - Campbells Beef Stew,Male,2/15/2023,17th Floor,306,30,Female
393,Maryl,MacAllaster,11/2/2022,Female,"Lentils - Red, Dry",Male,8/8/2023,PO Box 57676,495,36,Male
394,Bunnie,Lutz,10/8/2022,Female,Beef Ground Medium,Male,11/16/2022,PO Box 41181,493,28,Male
395,Fitzgerald,Forrester,9/6/2022,Male,Remy Red,Male,4/19/2023,Apt 1633,49,33,Male
396,Vicky,Delacroix,9/26/2023,Female,Butter Balls Salted,Male,11/9/2023,15th Floor,304,25,Female
397,Haskel,Bernard,11/8/2022,Male,Ginger - Ground,Female,2/3/2024,2nd Floor,52,47,Male
398,Inglebert,Bourton,4/20/2023,Male,Appetizer - Veg Assortment,Female,,8th Floor,420,23,Male
399,Celestine,Plenty,5/24/2023,Female,Pastry - Cheese Baked Scones,Male,,Apt 1129,243,35,Male
400,Symon,Commusso,9/13/2023,Male,Mustard - Pommery,Female,3/22/2023,Room 966,369,37,Female
401,Jasper,Sliney,6/27/2023,Male,Olives - Stuffed,Male,,Apt 1241,401,50,Female
402,Elden,Saterweyte,2/9/2023,Agender,Crackers - Melba Toast,Male,8/24/2023,20th Floor,162,24,Female
403,Bryce,Kohen,3/22/2023,Male,Fennel,Male,12/1/2022,Room 82,399,44,Female
404,Yasmin,Clapham,8/21/2022,Female,Chocolate Liqueur - Godet White,Male,,14th Floor,394,48,Female
405,Holden,Raycroft,12/29/2022,Male,Wine - Jafflin Bourgongone,Female,,Apt 425,350,48,Female
406,Krishnah,Janes,8/5/2023,Bigender,Tomatillo,Male,,Apt 1012,326,44,Female
407,Bettye,Micco,7/16/2023,Female,Broccoli - Fresh,Male,9/8/2023,10th Floor,308,40,Male
408,Maia,Whitwam,3/25/2023,Female,Rhubarb,Female,,Room 341,395,24,Female
409,Garvy,Menloe,12/23/2022,Bigender,Pate - Peppercorn,Female,1/10/2024,Room 433,487,24,Female
410,Donny,Jorczyk,6/9/2022,Male,Scallops - Live In Shell,Male,8/1/2023,,315,23,Female
411,Wiatt,Legister,10/4/2022,Male,Calypso - Lemonade,Male,9/28/2023,Apt 568,164,34,Female
412,Leonanie,Sissot,7/21/2023,Female,Bandage - Flexible Neon,Male,,PO Box 55046,49,36,Male
413,Jerrome,Pedro,4/16/2023,Genderfluid,Sugar - Crumb,Male,11/21/2022,PO Box 9941,211,47,Female
414,Nealy,Mathias,4/23/2023,Male,Leeks - Large,Male,2/18/2024,Suite 37,288,32,Female
415,Hilario,Titterell,2/13/2023,Male,Knife Plastic - White,Female,7/22/2023,12th Floor,468,34,Female
416,Cornelle,Boog,11/12/2022,Female,Savory,Male,8/6/2023,PO Box 32220,432,47,Female
417,Ben,Purseglove,1/1/2023,Male,Red Currant Jelly,Male,,Room 1468,358,19,Male
418,Ravid,Asey,9/19/2023,Male,Lamb - Shoulder,Male,11/17/2023,PO Box 60558,403,33,Female
419,Merv,Grayshan,6/5/2023,Male,Gingerale - Diet - Schweppes,Male,5/2/2023,16th Floor,349,47,Male
420,Bary,Cowton,7/20/2022,Male,Initation Crab Meat,Female,4/2/2023,PO Box 17244,94,30,Male
421,Isabelle,Trask,3/8/2023,Agender,Extract - Raspberry,Female,11/14/2023,PO Box 57699,225,49,Female
422,Berny,Oakes,3/12/2023,Female,"Tarragon - Primerba, Paste",Female,4/13/2023,Suite 50,296,39,Male
423,Venus,Fidian,10/4/2022,Female,"Wine - Harrow Estates, Vidal",Male,12/15/2022,Apt 634,445,46,Male
424,Wolfgang,Hrycek,8/30/2022,Male,Myers Planters Punch,Male,11/7/2023,Apt 1283,327,26,Female
425,Carlyle,Grainge,7/13/2022,Male,"Wine - Red, Concha Y Toro",Female,12/20/2022,PO Box 68396,243,22,Female
426,Dotti,Denyukin,11/27/2022,Female,Juice - Lemon,Female,1/26/2023,Suite 94,52,34,Male
427,Thorny,Giacovazzo,12/24/2022,Male,Ketchup - Tomato,Female,12/28/2022,Apt 1561,323,19,Male
428,Claybourne,Waymont,9/24/2023,Male,"Juice - Apple, 500 Ml",Female,5/31/2023,,236,44,Male
429,Julian,Burne,6/8/2022,Male,Sea Bass - Whole,Female,2/17/2024,Apt 1548,105,19,Female
430,Ethelda,Searston,6/13/2023,Polygender,Soup - Campbells Chili,Male,11/25/2023,PO Box 76755,264,36,Female
431,Kincaid,Musterd,6/18/2022,Male,Salt And Pepper Mix - Black,Female,2/5/2024,Apt 1392,404,34,Male
432,Mellicent,Jotcham,7/11/2023,Female,Crackers - Melba Toast,Female,3/29/2023,Suite 58,461,23,Female
433,Arthur,Trinbey,7/1/2023,Male,"Pasta - Gnocchi, Potato",Male,3/17/2023,Apt 921,315,40,Female
434,Meta,Hulson,11/4/2022,Female,Oneshot Automatic Soap System,Male,2/23/2023,10th Floor,45,34,Male
435,Merrill,Coult,6/19/2022,Male,Bread - Rosemary Focaccia,Male,,17th Floor,325,23,Female
436,Kendal,Powlett,11/2/2022,Male,"Oil - Shortening,liqud, Fry",Male,,PO Box 9050,24,41,Female
437,Salvidor,Hudd,4/10/2023,Male,Cucumber - English,Female,,PO Box 10671,283,50,Male
438,Tally,Rainbow,9/22/2022,Female,Pancetta,Male,4/27/2023,Apt 60,333,46,Female
439,Demetris,Vain,8/31/2022,Polygender,Flower - Potmums,Female,,PO Box 81573,369,38,Male
440,Kevin,Cheetam,9/17/2022,Male,Scallops - 20/30,Male,4/3/2023,18th Floor,64,19,Female
441,Wallie,Scatcher,6/30/2023,Male,Paper Towel Touchless,Male,11/8/2023,Apt 990,238,35,Male
442,Stirling,Taw,4/2/2023,Non-binary,Sun - Dried Tomatoes,Male,7/28/2023,Suite 61,387,43,Male
443,Filbert,Gounet,6/27/2023,Male,Sugar - Individual Portions,Male,6/30/2023,Suite 51,373,26,Female
444,Obediah,Varden,1/20/2023,Male,Foie Gras,Female,2/6/2024,Apt 1278,213,26,Female
445,Melvyn,Thornebarrow,2/1/2023,Male,Chinese Foods - Thick Noodles,Male,11/15/2023,12th Floor,466,41,Female
446,Darnall,Stedson,4/11/2023,Male,Pork - Liver,Male,,Apt 1474,353,24,Male
447,Garwood,Bordman,7/13/2023,Male,Cucumber - Pickling Ontario,Male,7/24/2023,,174,22,Male
448,Dalton,Oxlee,9/1/2023,Male,Smoked Paprika,Female,8/23/2023,19th Floor,180,33,Female
449,Reeba,Astlatt,8/1/2022,Female,Wine - Valpolicella Masi,Female,3/20/2023,Suite 16,280,31,Female
450,Olvan,Aveling,2/16/2023,Male,Wooden Mop Handle,Male,1/11/2023,12th Floor,73,39,Female
451,Hillie,Aberchirder,12/1/2022,Male,"Salsify, Organic",Female,,Room 488,34,39,Female
452,Kettie,Baskwell,2/14/2023,Female,Wine - Rosso Toscano Igt,Male,1/1/2024,Room 941,275,46,Female
453,Mendy,Hardern,7/9/2023,Male,Tarragon - Fresh,Male,,Room 999,48,20,Male
454,Raynell,Muckersie,8/19/2022,Female,Soap - Pine Sol Floor Cleaner,Male,10/20/2023,Room 256,330,49,Male
455,Karen,Comfort,1/8/2023,Female,"Sauce - Apple, Unsweetened",Female,11/20/2022,Suite 85,183,22,Female
456,Bonnibelle,Rizzillo,10/20/2022,Female,Flour - Masa De Harina Mexican,Male,2/16/2023,Apt 117,478,40,Female
457,Cobby,Demschke,5/18/2023,Male,Lid - 3oz Med Rec,Male,3/14/2023,Suite 26,240,24,Male
458,Merlina,Wordington,8/28/2023,Female,Cake - Cake Sheet Macaroon,Male,11/24/2023,Suite 83,225,22,Male
459,Vinnie,Gavan,8/8/2023,Female,Wine - Pinot Grigio Collavini,Male,9/16/2023,Suite 51,263,38,Female
460,Eirena,Halmkin,5/28/2023,Female,Salmon - Sockeye Raw,Female,11/16/2023,Apt 242,172,38,Male
461,Guinna,Megahey,9/29/2022,Female,"Nut - Hazelnut, Whole",Male,,,379,26,Female
462,Ring,Screen,3/26/2023,Male,Saskatoon Berries - Frozen,Female,6/11/2023,Room 126,275,29,Female
463,Layla,Dickins,10/10/2022,Female,Mussels - Frozen,Female,,11th Floor,368,44,Male
464,Adolpho,Hullett,6/16/2022,Male,Tomato - Plum With Basil,Female,8/26/2023,16th Floor,235,19,Female
465,Cathi,Makin,9/20/2022,Female,Pepperoni Slices,Male,,7th Floor,200,30,Male
466,Piotr,Dymick,9/22/2022,Male,Coffee - Frthy Coffee Crisp,Female,6/11/2023,PO Box 39490,486,25,Female
467,Pamelina,Caldero,1/2/2023,Female,Cheese - Pied De Vents,Male,,10th Floor,211,23,Male
468,Byran,Dryden,8/20/2023,Male,Table Cloth 53x53 White,Male,3/1/2023,PO Box 57282,494,36,Male
469,Devi,Wilsey,6/5/2022,Female,"Apple - Delicious, Golden",Male,6/17/2023,PO Box 65850,251,19,Female
470,Clerkclaude,Sainthill,3/15/2023,Male,Clam - Cherrystone,Male,2/16/2023,Room 813,125,35,Female
471,Panchito,Airey,6/18/2023,Male,Lid Coffeecup 12oz D9542b,Male,5/26/2023,20th Floor,475,30,Male
472,Thekla,Casarino,6/4/2023,Female,Cucumber - English,Male,11/26/2022,Apt 1848,405,47,Male
473,Orv,Quelch,8/23/2023,Male,Pate - Cognac,Male,,Room 1485,471,24,Male
474,Gilles,Pinkie,6/8/2022,Male,Grouper - Fresh,Male,,PO Box 34525,250,31,Male
475,Cello,Gissop,1/4/2023,Male,Coffee - Decafenated,Male,12/4/2023,PO Box 20993,405,49,Male
476,Danell,Ride,4/1/2023,Female,Muffin - Bran Ind Wrpd,Male,,7th Floor,68,40,Male
477,Faith,Downer,2/13/2023,Agender,Wine - Riesling Dr. Pauly,Male,7/23/2023,Room 1952,358,19,Male
478,Salvatore,Mouland,2/9/2023,Male,Lemonade - Pineapple Passion,Male,8/24/2023,,281,28,Female
479,Buddy,Bazire,10/22/2022,Male,Wooden Mop Handle,Female,5/6/2023,PO Box 58194,429,36,Male
480,Angelika,Pandya,12/27/2022,Polygender,Bread - 10 Grain,Male,,Suite 2,97,41,Female
481,Tawsha,Jakubowski,4/27/2023,Agender,Nestea - Iced Tea,Male,,Suite 68,167,24,Male
482,Matt,Crunkhorn,12/9/2022,Male,Liqueur - Melon,Male,3/17/2023,Suite 20,115,29,Male
483,Sky,Ucchino,9/28/2023,Male,Chocolate - Sugar Free Semi Choc,Male,6/18/2023,Suite 53,391,48,Male
484,Barry,Baitman,11/5/2022,Male,"C - Plus, Orange",Male,12/13/2022,Room 1945,339,30,Male
485,Cammy,Gooderridge,12/31/2022,Male,Appetizer - Escargot Puff,Male,4/19/2023,Suite 41,446,30,Male
486,Bridget,Kinsey,12/19/2022,Female,Sambuca - Ramazzotti,Male,11/25/2022,6th Floor,486,48,Male
487,Kyrstin,Guillond,8/30/2022,Female,"Liners - Banana, Paper",Female,2/20/2023,Suite 76,334,37,Male
488,Bil,Scohier,2/3/2023,Male,Cheese - Cheddar With Claret,Male,,Suite 89,416,47,Male
489,Lucio,Pearmain,8/4/2023,Male,Tea Peppermint,Female,8/22/2023,PO Box 25797,47,50,Male
490,Ozzy,Painswick,6/17/2022,Male,Tea - Lemon Scented,Female,3/2/2023,Room 243,127,48,Male
491,Catha,Peirone,3/15/2023,Female,"Potatoes - Instant, Mashed",Male,12/2/2022,Room 720,75,48,Male
492,Anabella,Bedder,12/18/2022,Female,Sambuca Cream,Female,4/19/2023,Apt 109,339,18,Female
493,Brendin,Heardman,7/24/2022,Male,Appetizer - Smoked Salmon / Dill,Male,4/8/2023,4th Floor,255,25,Male
494,Rodger,Alsopp,8/12/2023,Male,"Rosemary - Primerba, Paste",Male,,Apt 76,444,47,Male
495,Lulu,Heakins,9/6/2022,Female,Bar Bran Honey Nut,Female,7/23/2023,Room 840,206,18,Female
496,Monika,Hethron,6/30/2022,Female,Hinge W Undercut,Male,12/26/2022,11th Floor,476,22,Male
497,Juan,Lorait,5/3/2023,Male,Chicken - Soup Base,Female,10/10/2023,Apt 112,381,44,Female
498,Halette,Byram,7/24/2023,Female,"Salmon - Whole, 4 - 6 Pounds",Male,2/9/2024,Suite 7,443,48,Female
499,Lorry,Kingescot,4/23/2023,Female,"Flour - Buckwheat, Dark",Male,11/9/2022,Apt 488,303,44,Male
500,Georgiana,Martyns,12/6/2022,Female,Truffle Cups - Red,Male,9/11/2023,Apt 522,138,24,Female
501,Eleen,Humphries,8/18/2023,Female,Wine - Cabernet Sauvignon,Male,,Apt 337,146,23,Female
502,Orren,Proughten,10/19/2022,Male,Soup - Campbells Beef Strogonoff,Female,9/22/2023,20th Floor,467,46,Female
503,Markus,Effaunt,1/9/2023,Male,Wine - Sauvignon Blanc,Female,,9th Floor,110,32,Female
504,Kath,Mc Meekan,1/6/2023,Female,Sauce Tomato Pouch,Male,,Apt 1821,74,20,Male
505,Keriann,DeSousa,2/8/2023,Bigender,Chocolate - White,Female,11/6/2022,15th Floor,81,36,Male
506,Genny,Power,8/29/2022,Genderqueer,Seaweed Green Sheets,Female,2/4/2023,4th Floor,382,28,Female
507,Viviana,Spurdle,5/9/2023,Female,"Sauce - Bernaise, Mix",Male,10/6/2023,PO Box 61549,470,49,Male
508,Creighton,Finnan,11/6/2022,Male,"Brocolinni - Gaylan, Chinese",Male,2/19/2023,Suite 49,11,23,Male
509,Antonius,Saltsberger,8/8/2023,Male,"Quail - Whole, Boneless",Male,5/6/2023,Suite 18,91,20,Female
510,Ronnie,Ciccotto,5/28/2023,Female,Aromat Spice / Seasoning,Female,11/1/2023,Apt 1691,135,40,Female
511,Nanci,Lonsdale,11/19/2022,Female,"Sugar - Sweet N Low, Individual",Female,6/3/2023,Apt 1634,213,31,Male
512,Mira,Toulch,5/11/2023,Female,Container - Foam Dixie 12 Oz,Female,4/14/2023,Suite 91,464,41,Female
513,Kelley,Spinas,3/13/2023,Male,Sprouts - Pea,Male,,Suite 57,191,28,Male
514,Katuscha,Fazan,4/15/2023,Genderfluid,"Seedlings - Mix, Organic",Male,7/30/2023,,454,50,Male
515,Amanda,Winsborrow,3/31/2023,Non-binary,Pears - Bosc,Male,,Room 1113,134,29,Female
516,Brandea,Anetts,8/21/2022,Bigender,"Veal - Leg, Provimi - 50 Lb Max",Male,1/30/2024,PO Box 10465,332,22,Male
517,Elinor,Martygin,8/9/2022,Female,Sea Urchin,Female,2/14/2024,,353,47,Female
518,Gray,Rubbens,9/30/2022,Agender,Poppy Seed,Female,10/12/2023,PO Box 8050,15,46,Female
519,Anitra,Mar,9/8/2023,Female,Oil - Sesame,Female,4/6/2023,Suite 7,417,36,Male
520,Burch,Mosdill,5/30/2023,Male,Kolrabi,Male,8/19/2023,PO Box 19654,178,26,Male
521,Pacorro,Rewbottom,7/31/2023,Male,Island Oasis - Lemonade,Male,,Room 1745,449,34,Female
522,Vonni,Trayling,9/16/2022,Female,Nut - Macadamia,Female,,Suite 52,449,18,Female
523,Anette,Lindblad,5/29/2023,Female,"Pork - Loin, Bone - In",Male,7/15/2023,PO Box 68772,458,19,Female
524,Dulcia,Caldroni,3/24/2023,Female,Sausage - Andouille,Female,12/25/2023,,404,39,Female
525,Kalinda,Whibley,6/19/2023,Female,Butcher Twine 4r,Male,,Suite 77,278,25,Male
526,Berkie,Mattecot,4/24/2023,Non-binary,Milk - Homo,Female,,PO Box 76731,364,27,Male
527,Clovis,Methley,5/12/2023,Female,Wine - Valpolicella Masi,Female,,Apt 669,23,18,Male
528,Benoit,Impey,3/6/2023,Bigender,Flour - Semolina,Female,2/1/2023,Room 1898,481,19,Female
529,Rorke,Nissle,8/23/2022,Male,"Soup - Campbells, Beef Barley",Male,9/9/2023,Apt 647,418,47,Male
530,Flore,Hardbattle,5/28/2023,Female,Compound - Orange,Male,2/19/2023,Suite 45,232,40,Male
531,Orville,Lukock,12/16/2022,Male,Compound - Pear,Female,10/21/2023,,381,36,Female
532,Aviva,Dryburgh,9/17/2023,Female,"Wine - Red, Black Opal Shiraz",Male,7/9/2023,Apt 1556,312,18,Female
533,De witt,McBlain,8/9/2022,Agender,Oil - Margarine,Male,1/1/2024,PO Box 23551,48,50,Male
534,Tessi,Arnoult,9/28/2023,Female,"Cheese - Havarti, Roasted Garlic",Female,5/10/2023,Apt 1669,121,26,Female
535,Darcy,Marousek,9/12/2022,Female,Gatorade - Fruit Punch,Male,7/5/2023,2nd Floor,403,23,Male
536,Otto,Garrett,8/22/2022,Male,Water - Spring Water 500ml,Male,12/20/2022,PO Box 2363,303,39,Male
537,Dario,Eivers,7/15/2023,Male,Bagel - Sesame Seed Presliced,Male,11/7/2023,PO Box 20544,348,29,Male
538,Terence,Foltin,6/5/2023,Male,Sandwich Wrap,Female,6/5/2023,Apt 756,388,22,Female
539,Kiley,Munnings,7/27/2022,Female,Flour Pastry Super Fine,Male,5/21/2023,Apt 946,138,44,Female
540,Bendicty,Trahearn,12/5/2022,Genderqueer,Oil - Cooking Spray,Male,9/26/2023,2nd Floor,32,31,Male
541,Matty,Oldfield-Cherry,7/10/2023,Male,Wine - Beringer Founders Estate,Female,5/21/2023,Apt 1039,275,29,Male
542,Rudolf,Truckett,9/10/2022,Male,"Ranchero - Primerba, Paste",Female,2/25/2024,Apt 580,467,20,Male
543,Bev,Itzkovitch,10/11/2022,Genderfluid,"Cheese - Brie, Cups 125g",Male,12/8/2023,Suite 47,442,32,Female
544,Bobbie,Malkin,11/10/2022,Male,Sauce - Chili,Male,3/9/2023,Suite 72,101,38,Female
545,Georgie,Froschauer,10/21/2022,Male,Pepper - Chili Powder,Female,12/27/2022,PO Box 98099,294,40,Female
546,Kat,Santry,6/16/2022,Female,"Cheese - Havarti, Roasted Garlic",Female,9/12/2023,Suite 6,157,45,Female
547,Sterling,Armiger,7/2/2022,Male,Foam Cup 6 Oz,Female,2/19/2024,PO Box 4378,152,18,Female
548,Eugenio,Turgoose,10/21/2022,Male,Mushroom - Portebello,Female,,Suite 72,346,41,Female
549,Gualterio,Blyth,1/1/2023,Male,Pasta - Orecchiette,Female,2/19/2024,Suite 80,385,41,Female
550,Arden,Cockarill,8/22/2022,Female,Kellogs All Bran Bars,Male,,,236,48,Female
551,Cristine,Ramlot,6/12/2022,Female,Bar - Granola Trail Mix Fruit Nut,Male,,18th Floor,36,49,Female
552,Boonie,Rickeard,6/30/2023,Male,Crab - Soft Shell,Female,11/26/2023,Suite 39,422,50,Female
553,Andrei,Blonfield,9/15/2023,Genderfluid,Bagels Poppyseed,Male,6/27/2023,Room 214,17,20,Female
554,Dasie,Cuesta,2/28/2023,Female,Wine - Hardys Bankside Shiraz,Female,12/20/2023,Suite 78,198,19,Female
555,Shane,Dartnell,8/19/2023,Male,Wine - Chateau Aqueria Tavel,Male,11/2/2023,Suite 89,118,18,Female
556,Shandra,Paddie,1/30/2023,Female,Scallops - In Shell,Female,7/21/2023,4th Floor,228,27,Male
557,Kinny,Learmond,12/31/2022,Male,Onions - Pearl,Female,10/15/2023,Apt 506,200,48,Male
558,Brooks,Pacht,10/13/2022,Genderqueer,"Veal - Leg, Provimi - 50 Lb Max",Female,1/24/2024,Room 535,168,23,Male
559,Danyelle,Crain,3/24/2023,Female,Appetizer - Southwestern,Female,11/2/2023,,463,46,Male
560,Brittan,Scritch,9/22/2023,Female,Soho Lychee Liqueur,Male,10/19/2023,PO Box 84074,334,37,Female
561,Marlin,Kentwell,8/8/2023,Male,Venison - Denver Leg Boneless,Female,8/13/2023,1st Floor,47,41,Male
562,Carny,Witchard,9/6/2023,Male,Ice Cream - Chocolate,Male,11/10/2023,Room 1892,214,34,Male
563,Gamaliel,Noods,9/7/2023,Male,Dome Lid Clear P92008h,Male,11/19/2023,Room 444,163,49,Male
564,Jerrome,Beiderbecke,11/30/2022,Genderfluid,Bananas,Male,3/2/2023,,33,33,Male
565,Horatia,Spinas,4/3/2023,Female,Limes,Female,12/1/2022,,11,40,Female
566,Claybourne,Eudall,9/8/2022,Male,"Tortillas - Flour, 12",Female,,PO Box 30038,136,28,Female
567,Roxana,Derycot,12/29/2022,Female,Oil - Canola,Female,12/31/2023,Apt 584,321,31,Female
568,Klarrisa,Rosa,7/5/2023,Female,"Lamb - Whole Head Off,nz",Female,1/23/2023,15th Floor,241,50,Male
569,Irv,Dreinan,4/5/2023,Male,"Coke - Diet, 355 Ml",Male,,Apt 1882,466,20,Male
570,Guinna,Hintze,1/7/2023,Female,Juice - Orange,Male,3/10/2023,Apt 377,163,22,Female
571,Raymond,Bownas,10/30/2022,Male,Muffin Mix - Lemon Cranberry,Male,12/3/2022,Suite 53,500,25,Female
572,Erek,Dunican,6/20/2022,Male,Cucumber - English,Female,4/23/2023,1st Floor,398,43,Male
573,Packston,Palmar,6/25/2022,Male,Wine - Pinot Noir Latour,Male,,3rd Floor,451,23,Male
574,Correy,Merton,6/21/2022,Male,Kirsch - Schloss,Male,,,10,47,Male
575,Wendall,De Gregorio,3/30/2023,Male,Cheese Cheddar Processed,Male,5/27/2023,6th Floor,151,45,Male
576,Teri,Giacometti,8/21/2022,Female,Chips - Miss Vickies,Female,2/1/2024,Apt 390,286,44,Male
577,Fernanda,Greenley,4/2/2023,Female,Bread - Wheat Baguette,Female,6/18/2023,Suite 3,117,45,Male
578,Eadith,Ianittello,9/18/2022,Female,Sauce - Salsa,Male,1/21/2023,Suite 30,307,41,Female
579,Beltran,Grinikhin,7/28/2023,Male,Garbag Bags - Black,Male,2/2/2023,,467,19,Male
580,Paquito,Gallaher,4/4/2023,Male,Vanilla Beans,Male,12/8/2023,19th Floor,491,19,Male
581,Silvanus,Santarelli,7/12/2023,Male,Juice - Apple Cider,Male,1/31/2024,,376,37,Male
582,Lucretia,Getch,8/19/2023,Female,Venison - Racks Frenched,Male,,Room 135,141,31,Female
583,Noemi,Sambiedge,12/12/2022,Female,Flavouring - Orange,Male,7/25/2023,PO Box 53529,420,22,Female
584,Oliy,Celes,3/23/2023,Female,Ecolab - Solid Fusion,Female,,19th Floor,41,26,Male
585,Liz,Wickerson,10/6/2022,Female,Lidsoupcont Rp12dn,Male,,PO Box 80629,447,49,Male
586,Adrianna,Scutter,9/2/2022,Female,Tomatoes - Heirloom,Female,8/11/2023,PO Box 80188,295,36,Female
587,Sonia,Sodory,4/1/2023,Female,Lotus Root,Male,7/29/2023,,438,45,Male
588,Elayne,Curedell,8/9/2022,Female,"Veal - Tenderloin, Untrimmed",Male,5/31/2023,Apt 1736,150,22,Female
589,Mahalia,Cherrett,4/19/2023,Female,Tilapia - Fillets,Female,8/24/2023,Room 730,193,36,Female
590,Carolus,Atmore,10/12/2022,Male,"Doilies - 7, Paper",Male,11/15/2023,20th Floor,255,33,Female
591,Elsa,Kaspar,7/31/2023,Female,Beef Flat Iron Steak,Male,12/27/2023,PO Box 99164,101,33,Male
592,Myca,Itzkin,3/20/2023,Male,Pepper - Yellow Bell,Female,7/12/2023,13th Floor,419,30,Male
593,Tod,Herrero,11/19/2022,Male,Cheese - Perron Cheddar,Male,10/1/2023,1st Floor,289,37,Male
594,Janka,Causer,4/18/2023,Female,Flower - Daisies,Male,8/31/2023,,486,33,Female
595,Rubina,Dunguy,2/16/2023,Female,"Wine - White, Cooking",Female,12/24/2022,PO Box 56283,470,29,Female
596,Caroljean,Carnelley,11/27/2022,Female,Table Cloth 54x72 White,Female,4/17/2023,Suite 65,244,40,Male
597,Kermit,Beed,11/18/2022,Male,Shrimp - Black Tiger 26/30,Female,,,123,34,Female
598,Anestassia,Snugg,6/19/2022,Genderqueer,"Soup - Knorr, Chicken Noodle",Male,1/21/2023,PO Box 783,83,43,Male
599,Tirrell,Toffaloni,11/20/2022,Male,Pie Shell - 5,Female,3/26/2023,,440,38,Male
600,Heddi,Lanfer,9/15/2023,Female,"Asparagus - White, Fresh",Female,,19th Floor,249,45,Male
601,Roth,Hurdedge,8/28/2023,Male,"Spoon - Soup, Plastic",Male,11/12/2023,Suite 15,73,41,Female
602,Rois,Pettus,6/27/2023,Female,Lettuce - Iceberg,Male,,12th Floor,195,24,Female
603,Vitia,Beetham,7/15/2023,Female,Lamb - Ground,Female,,Room 1974,270,45,Male
604,Ailey,Rawson,11/7/2022,Female,Wine - Pinot Noir Pond Haddock,Female,12/17/2023,Apt 1005,78,33,Male
605,Dianemarie,Urrey,10/3/2022,Genderqueer,Calypso - Black Cherry Lemonade,Male,,Room 727,79,42,Female
606,Graham,Mansbridge,10/12/2022,Male,Rhubarb,Female,6/14/2023,4th Floor,333,18,Female
607,Faulkner,Leagas,10/14/2022,Male,Petite Baguette,Male,8/18/2023,,421,19,Male
608,Yettie,Walduck,11/25/2022,Female,Pheasants - Whole,Male,6/26/2023,Apt 1919,15,23,Male
609,Peta,Freda,1/3/2023,Agender,Soup Campbells Beef With Veg,Male,11/17/2022,Room 541,79,26,Male
610,Keenan,Diboll,4/14/2023,Male,Wine - Chablis 2003 Champs,Female,3/23/2023,Suite 22,183,19,Male
611,Rich,Travis,4/27/2023,Male,Beef - Kobe Striploin,Female,,15th Floor,104,40,Male
612,Quinta,Morad,7/25/2022,Female,Tea - Herbal Sweet Dreams,Female,12/14/2022,Apt 1099,62,26,Male
613,Carley,Haveline,6/11/2023,Female,"Pasta - Canelloni, Single Serve",Female,1/11/2024,Apt 1550,119,23,Female
614,Marsiella,Schulz,4/12/2023,Female,Zucchini - Green,Male,9/10/2023,Apt 156,323,34,Female
615,Ivor,Reece,7/11/2023,Male,Chips - Assorted,Male,1/17/2024,3rd Floor,93,41,Female
616,Witty,Whittlesey,3/9/2023,Male,Fuji Apples,Female,2/28/2024,PO Box 85421,323,20,Female
617,Obadias,Fulks,12/13/2022,Male,"Split Peas - Green, Dry",Female,10/23/2023,Apt 1779,184,47,Female
618,Terrell,Kinder,4/21/2023,Male,Tomatoes,Female,1/14/2024,PO Box 55855,300,21,Female
619,Channa,Leacy,8/29/2023,Female,Pastry - Raisin Muffin - Mini,Male,,Suite 69,36,37,Female
620,Whit,Jankowski,12/2/2022,Male,Wine - Chianti Classica Docg,Male,10/11/2023,Suite 82,4,23,Female
621,Rose,D'Alwis,1/7/2023,Female,"Bread - Rolls, Rye",Male,3/11/2023,Suite 76,186,21,Female
622,Reinald,Gossipin,9/5/2022,Male,Amaretto,Female,3/17/2023,Apt 612,426,18,Male
623,Morganica,Hakes,7/21/2023,Female,Pears - Bosc,Male,12/24/2022,Room 1943,450,32,Female
624,Laural,O'Dowgaine,9/14/2022,Female,Cookies Cereal Nut,Female,,Room 264,497,41,Male
625,Zebedee,Cannon,10/5/2022,Male,Rambutan,Female,11/16/2023,17th Floor,50,42,Female
626,Marjie,Grandisson,2/10/2023,Female,"Pasta - Elbows, Macaroni, Dry",Male,12/30/2023,PO Box 46350,309,19,Female
627,Cathi,Domenichelli,2/17/2023,Female,Wine - Ej Gallo Sonoma,Male,,PO Box 6684,92,30,Female
628,Dorie,Salvadore,7/13/2022,Female,Nescafe - Frothy French Vanilla,Male,3/1/2023,Room 787,282,27,Female
629,Fawnia,Oleszkiewicz,9/15/2022,Agender,Apple - Granny Smith,Male,9/6/2023,Room 495,66,42,Male
630,Auroora,Tomblings,12/28/2022,Female,Coconut Milk - Unsweetened,Female,8/26/2023,PO Box 93814,404,25,Female
631,Mikkel,Brockton,8/27/2022,Male,Appetizer - Cheese Bites,Female,1/29/2023,PO Box 47202,217,47,Female
632,Ewell,Bouskill,1/8/2023,Male,Quail Eggs - Canned,Female,3/18/2023,,24,38,Male
633,Francoise,Cassely,11/7/2022,Female,Beef - Diced,Female,,1st Floor,46,40,Male
634,Akim,Harvison,3/11/2023,Male,"Pepsi - Diet, 355 Ml",Female,,Suite 29,56,30,Male
635,Marty,McCaghan,4/30/2023,Male,Sponge Cake Mix - Chocolate,Female,,2nd Floor,448,24,Female
636,Morten,Reuben,9/27/2023,Male,Beer - Muskoka Cream Ale,Female,10/30/2023,,184,25,Male
637,Geraldine,Delcastel,10/2/2022,Female,Appetizer - Cheese Bites,Female,,15th Floor,20,34,Male
638,Barret,Chrismas,4/5/2023,Male,Peach - Fresh,Male,,PO Box 75104,422,35,Male
639,Derry,Clubley,12/30/2022,Male,"Capon - Breast, Double, Wing On",Male,4/20/2023,15th Floor,381,18,Male
640,Brena,Frensch,6/20/2022,Female,Squash - Acorn,Male,10/22/2023,Apt 815,225,21,Male
641,Donielle,Itzakson,10/10/2022,Female,Nantucket Cranberry Juice,Female,12/3/2023,Suite 10,312,25,Male
642,Tabbitha,Shoard,6/9/2022,Non-binary,"Halibut - Whole, Fresh",Female,6/8/2023,Room 786,286,31,Female
643,Shauna,Norcliffe,7/14/2022,Female,"Beef - Rib Roast, Cap On",Female,2/15/2024,Apt 476,443,37,Female
644,Elden,Roblin,9/13/2023,Male,Veal - Striploin,Female,12/28/2022,10th Floor,73,45,Female
645,Dallas,Langstrath,3/28/2023,Female,"Chilli Paste, Hot Sambal Oelek",Male,1/29/2023,Apt 883,242,32,Male
646,Antin,Melmeth,11/14/2022,Polygender,Duck - Breast,Male,6/2/2023,Apt 1998,379,20,Female
647,Calley,Newnham,5/13/2023,Female,Scallops 60/80 Iqf,Male,12/1/2022,Suite 85,28,29,Female
648,Winnifred,Clemensen,10/1/2022,Female,Cheese - Cottage Cheese,Male,7/5/2023,Apt 932,339,40,Male
649,Hobart,Blaszczyk,8/22/2023,Male,"Wine - Red, Pelee Island Merlot",Male,4/30/2023,Room 287,372,46,Male
650,Jorry,Wytchard,5/10/2023,Female,"Chicken - Diced, Cooked",Female,2/25/2023,Room 1203,250,40,Male
651,Allsun,Darben,11/24/2022,Female,Scallops - 20/30,Male,,20th Floor,126,45,Male
652,Marcel,Melson,4/11/2023,Male,"Star Anise, Whole",Male,1/29/2023,Apt 1682,406,21,Male
653,Etty,Halden,10/8/2022,Female,Sauce - Marinara,Male,9/21/2023,12th Floor,249,43,Female
654,Stephen,Snipe,10/26/2022,Male,Pepper - Chilli Seeds Mild,Male,12/16/2022,Apt 722,444,25,Male
655,Rockie,Fitchet,7/18/2022,Male,Pepper - Scotch Bonnet,Female,11/24/2022,14th Floor,44,38,Male
656,Orlando,Garley,6/10/2023,Male,Flour Dark Rye,Male,12/10/2023,Room 757,282,47,Female
657,Rickie,Buckerfield,10/19/2022,Male,Truffle - Peelings,Male,7/27/2023,Apt 1718,136,25,Female
658,Tracie,Jendrys,8/3/2022,Female,Mustard Prepared,Female,12/4/2022,PO Box 69343,134,23,Male
659,Licha,Mansuer,9/4/2023,Genderfluid,"Soup - Knorr, Country Bean",Male,1/26/2023,Apt 321,192,47,Female
660,Charmian,Priden,11/25/2022,Female,"Sparkling Wine - Rose, Freixenet",Male,1/23/2023,1st Floor,406,31,Female
661,Nady,Troop,8/23/2023,Non-binary,Knife Plastic - White,Male,,Suite 37,217,20,Female
662,Clive,Stamper,9/8/2023,Male,Bar Nature Valley,Female,,Room 1392,60,46,Male
663,Aubert,Aujean,8/28/2022,Male,Icecream - Dibs,Male,2/1/2023,9th Floor,344,49,Female
664,Ellen,Conklin,7/23/2022,Female,Vector Energy Bar,Male,2/8/2023,PO Box 74731,455,36,Male
665,Tracee,Cartwight,7/7/2023,Female,Bananas,Male,,Apt 1855,335,27,Female
666,Valerie,Yukhov,10/20/2022,Female,Wine - Casablanca Valley,Male,,Apt 1660,41,50,Female
667,Lynnett,Cyseley,2/3/2023,Female,"Olives - Black, Pitted",Female,,,218,39,Male
668,Samuele,Nicol,1/22/2023,Male,Soup - French Onion,Female,12/23/2023,Apt 1944,219,35,Female
669,Colby,Twycross,9/1/2023,Agender,Chocolate Bar - Coffee Crisp,Male,1/3/2024,10th Floor,243,20,Male
670,Richmond,Dalli,11/30/2022,Male,Cherries - Fresh,Male,,PO Box 86143,230,41,Male
671,Gael,Lamberth,8/30/2023,Genderfluid,Beer - Heinekin,Female,3/12/2023,4th Floor,455,35,Male
672,Chalmers,Craig,6/5/2023,Male,"Syrup - Golden, Lyles",Female,,5th Floor,185,20,Female
673,Josselyn,Aldrich,11/10/2022,Female,"Coconut - Shredded, Sweet",Female,,,241,43,Female
674,Maure,De Beauchemp,7/26/2023,Female,Wine - Coteaux Du Tricastin Ac,Female,1/23/2023,,63,44,Female
675,Jeanine,McGaffey,7/29/2022,Female,Glass - Juice Clear 5oz 55005,Female,,PO Box 86530,324,33,Female
676,Silvia,Parmley,5/10/2023,Female,Sherry - Dry,Female,12/7/2022,Apt 459,229,37,Female
677,Piggy,Hexter,5/7/2023,Male,Sping Loaded Cup Dispenser,Female,1/25/2024,Room 1358,394,44,Male
678,Viviana,Tooze,3/13/2023,Female,Pear - Asian,Female,11/21/2023,16th Floor,57,50,Male
679,Nari,De Roberto,7/1/2022,Female,"Pepper - Paprika, Hungarian",Female,7/31/2023,Suite 86,449,40,Male
680,Ricard,Pringle,8/18/2023,Male,Tea - Earl Grey,Male,8/6/2023,Suite 46,119,38,Female
681,Dorette,Samworth,12/9/2022,Female,Spinach - Baby,Male,5/15/2023,12th Floor,233,38,Female
682,Robby,Proswell,2/26/2023,Male,Bread Ww Cluster,Male,12/18/2023,PO Box 91336,344,32,Female
683,Katusha,Cicchinelli,6/2/2022,Female,Wine - George Duboeuf Rose,Male,12/17/2022,PO Box 70855,459,19,Male
684,Lauree,Brason,11/16/2022,Female,Nantucket Orange Juice,Male,,,219,18,Male
685,Aloysius,Mamwell,1/1/2023,Male,Mussels - Frozen,Female,11/10/2023,5th Floor,44,29,Male
686,Conroy,Sirrell,2/11/2023,Male,Pork - Bacon Cooked Slcd,Female,1/21/2024,Suite 70,297,36,Male
687,Flynn,Leheude,11/22/2022,Male,Towel Dispenser,Male,1/27/2023,Suite 31,458,50,Female
688,Currey,Rude,2/3/2023,Male,Munchies Honey Sweet Trail Mix,Female,,Suite 56,488,29,Female
689,Conan,Chesswas,5/13/2023,Male,Bread - Onion Focaccia,Female,11/8/2023,15th Floor,89,47,Male
690,Noby,Stansby,1/9/2023,Male,"Jam - Raspberry,jar",Female,12/16/2023,Room 919,213,48,Female
691,Steven,Marciek,6/9/2023,Male,Coffee - Cafe Moreno,Male,,Apt 370,473,27,Female
692,Loy,Blackall,1/13/2023,Male,"Pasta - Lasagne, Fresh",Male,,9th Floor,386,43,Female
693,Helyn,Paullin,11/28/2022,Female,"Beef - Chuck, Boneless",Female,2/3/2024,,81,22,Male
694,Noak,Egiloff,4/17/2023,Male,Chinese Foods - Chicken Wing,Female,,Room 1402,236,46,Female
695,Dill,Blakden,2/23/2023,Male,"Pepper - Green, Chili",Male,8/6/2023,17th Floor,184,19,Male
696,Antin,Bridgestock,10/18/2022,Male,Sprouts - Peppercress,Female,12/12/2022,Apt 1779,70,38,Male
697,Jannel,Vidgeon,3/14/2023,Female,Veal - Provimi Inside,Female,12/20/2022,PO Box 52116,382,31,Male
698,Alvina,Turvey,10/1/2022,Female,Oil - Avocado,Male,2/23/2023,,413,49,Female
699,Koenraad,Fountaine,9/23/2022,Male,"Radish - Black, Winter, Organic",Male,1/28/2024,18th Floor,386,23,Female
700,Martin,Hebborn,8/21/2023,Male,Red Pepper Paste,Female,7/3/2023,Suite 51,361,28,Male
701,Montague,McPhail,12/30/2022,Male,Sobe - Tropical Energy,Male,12/12/2023,Apt 1046,188,30,Female
702,Etienne,Robinette,2/7/2023,Male,Muskox - French Rack,Female,5/5/2023,PO Box 16293,310,27,Female
703,Zarah,Dossetter,8/24/2022,Female,"Pasta - Lasagna Noodle, Frozen",Female,,Suite 94,442,34,Female
704,Damita,Loram,3/16/2023,Female,"Quail - Whole, Bone - In",Male,,Apt 1526,462,24,Male
705,Ronnie,Ring,4/20/2023,Male,Sherry - Dry,Female,1/6/2024,Suite 85,33,44,Female
706,Fidelity,Burgan,4/7/2023,Female,Beef - Montreal Smoked Brisket,Female,7/10/2023,PO Box 90207,280,24,Female
707,Meade,Sowden,8/21/2022,Female,The Pop Shoppe - Cream Soda,Male,10/7/2023,9th Floor,297,39,Male
708,Lennard,Korn,5/3/2023,Male,Pork - Caul Fat,Male,8/14/2023,PO Box 28671,41,42,Male
709,Ninetta,Allitt,4/16/2023,Polygender,Rappini - Andy Boy,Female,4/28/2023,17th Floor,468,45,Male
710,Easter,Dymott,6/2/2022,Female,Cheese - Camembert,Female,5/4/2023,Suite 26,332,20,Female
711,Daren,Izkovici,11/5/2022,Male,"Chicken - Diced, Cooked",Female,8/25/2023,Room 1350,178,34,Male
712,Amy,Roubottom,5/8/2023,Female,Bacardi Raspberry,Female,2/16/2023,Apt 1764,17,40,Male
713,Kenn,Newcombe,9/5/2023,Non-binary,Nantucket - 518ml,Male,2/24/2024,12th Floor,464,50,Female
714,Marianna,Anstis,1/8/2023,Female,"Lentils - Green, Dry",Female,2/9/2023,PO Box 34840,424,28,Male
715,Mirna,Charnick,8/23/2022,Female,Tamarillo,Male,12/10/2022,PO Box 6369,321,50,Female
716,Mahmoud,Davidsson,9/29/2022,Male,"Turkey - Whole, Fresh",Female,5/16/2023,Apt 1723,44,20,Male
717,Esther,Slewcock,8/9/2022,Female,Carrots - Mini Red Organic,Male,3/19/2023,Room 1618,253,26,Female
718,Tallou,Betun,10/1/2022,Female,Salami - Genova,Male,9/30/2023,9th Floor,450,30,Male
719,Nady,Mucklo,5/3/2023,Female,Milk - Skim,Female,2/19/2024,Suite 21,4,26,Male
720,Byron,Gecke,9/19/2023,Male,Tea - Lemon Green Tea,Female,1/22/2023,,381,50,Male
721,Ira,Polland,10/19/2022,Male,Oranges,Male,5/18/2023,Room 431,441,50,Male
722,Anselm,Blowers,5/30/2023,Male,Cheese - Le Cheve Noir,Male,10/16/2023,PO Box 66924,391,32,Male
723,Carita,Duncklee,8/12/2023,Female,Beef Wellington,Male,5/5/2023,Room 924,353,37,Female
724,Parker,Shermar,7/7/2022,Polygender,Lobster - Canned Premium,Female,11/13/2022,Suite 13,46,40,Male
725,Wakefield,Passmore,1/11/2023,Male,Dikon,Female,4/7/2023,Suite 96,474,42,Female
726,Swen,Roscrigg,6/16/2023,Male,Wine - Sake,Male,5/26/2023,PO Box 1119,164,48,Female
727,Melly,Ellaman,3/27/2023,Female,"Wine - White, Cooking",Male,7/12/2023,Apt 1783,306,25,Male
728,Beth,Di Biasi,1/11/2023,Female,Appetizer - Chicken Satay,Male,8/20/2023,Room 1463,80,23,Male
729,Coreen,Singyard,11/13/2022,Female,Gooseberry,Female,6/4/2023,PO Box 21484,46,46,Male
730,Bartolemo,MacCague,4/5/2023,Male,"Nestea - Ice Tea, Diet",Female,11/29/2023,Room 1597,488,45,Female
731,Marga,Piddletown,11/11/2022,Female,Bread - Raisin,Female,7/2/2023,,298,30,Male
732,Gilbert,Baggally,7/9/2023,Male,Tuna - Sushi Grade,Male,9/30/2023,PO Box 40752,202,32,Female
733,Steffen,Burdas,8/10/2023,Male,Pineapple - Regular,Male,6/12/2023,Suite 100,326,21,Male
734,Maureen,Huster,9/10/2022,Agender,"Sauce - Soya, Light",Male,10/6/2023,Apt 1886,6,44,Female
735,Lotti,Meikle,4/5/2023,Female,Container - Foam Dixie 12 Oz,Male,7/23/2023,Suite 39,356,48,Female
736,Kristofer,Fuggles,6/25/2023,Male,Cauliflower,Female,11/1/2023,Room 834,489,39,Male
737,Francois,Oxenbury,5/17/2023,Male,Alize Red Passion,Male,6/5/2023,1st Floor,252,25,Male
738,Hilliard,Henker,11/25/2022,Non-binary,Wine - Rosso Del Veronese Igt,Female,10/26/2023,,413,29,Female
739,Mandel,Grundell,1/19/2023,Male,Scallops 60/80 Iqf,Female,,Apt 758,232,38,Female
740,Bartlett,Gooderson,9/15/2022,Genderfluid,Cookies - Englishbay Oatmeal,Male,,Suite 69,396,50,Male
741,Melicent,Canwell,2/6/2023,Female,"Wine - White, Pinot Grigio",Male,1/19/2023,,20,20,Male
742,Iggy,Nudds,8/9/2022,Male,Chocolate Liqueur - Godet White,Female,11/12/2022,8th Floor,342,21,Male
743,Adriana,Fisher,12/26/2022,Female,Muffin Mix - Oatmeal,Female,12/31/2023,PO Box 54189,367,23,Male
744,Ricard,Ahrendsen,5/11/2023,Male,Sage - Fresh,Male,5/15/2023,PO Box 88069,4,34,Female
745,Yul,Andrat,2/11/2023,Male,Pork Loin Cutlets,Female,1/9/2024,Apt 1617,496,44,Male
746,Marne,Miklem,3/28/2023,Female,Maple Syrup,Male,,Suite 9,177,22,Male
747,Cal,Ballam,7/14/2023,Female,Pork Loin Bine - In Frenched,Female,10/26/2023,5th Floor,264,21,Female
748,Laetitia,Jalland,7/11/2022,Female,Sauce - Sesame Thai Dressing,Female,,Room 543,455,25,Male
749,Ewart,Arondel,11/30/2022,Male,Vinegar - Red Wine,Female,,PO Box 57135,434,18,Male
750,Ross,Bamlett,9/28/2022,Male,Dish Towel,Female,11/10/2023,Room 1784,259,44,Male
751,Benjy,Grevatt,9/26/2022,Male,Scallops - 10/20,Male,9/3/2023,Suite 12,215,36,Male
752,Mechelle,Scarisbrick,6/4/2022,Polygender,Beef - Montreal Smoked Brisket,Female,7/11/2023,Apt 470,437,48,Female
753,Tabb,Bartolacci,9/8/2022,Male,Wine - Dubouef Macon - Villages,Male,2/10/2024,Room 1940,487,36,Female
754,Page,Aire,6/26/2022,Male,Nantucket - Kiwi Berry Cktl.,Female,9/21/2023,Suite 64,53,32,Female
755,Yvonne,Chancellor,8/13/2022,Female,Scallops - Live In Shell,Female,2/24/2024,PO Box 81415,12,45,Female
756,Teena,Sibborn,6/20/2023,Genderfluid,"Cheese - Romano, Grated",Female,8/15/2023,15th Floor,246,27,Female
757,Terrill,Simeon,12/5/2022,Male,Melon - Watermelon Yellow,Female,1/10/2023,Apt 159,87,27,Female
758,Lotti,Dellenty,9/7/2023,Female,Mix Pina Colada,Female,7/11/2023,Suite 5,432,49,Female
759,North,Ganforth,6/25/2023,Male,Bar Energy Chocchip,Female,9/3/2023,9th Floor,463,43,Female
760,Aeriel,Trahar,9/12/2023,Female,Tuna - Yellowfin,Female,3/6/2023,Room 995,182,41,Female
761,Ola,Learned,5/5/2023,Female,Pail With Metal Handle 16l White,Male,,Apt 161,284,47,Female
762,Vinny,Earland,5/26/2023,Male,Heavy Duty Dust Pan,Female,12/30/2023,Suite 91,473,32,Female
763,Mirabella,McCudden,9/5/2022,Female,Cheese - Cheddarsliced,Male,12/7/2023,PO Box 11689,332,33,Female
764,Rosa,Kristoffersson,4/13/2023,Female,Okra,Female,10/21/2023,,138,32,Female
765,Gigi,Withnall,1/30/2023,Female,Water - Spring 1.5lit,Male,11/7/2023,PO Box 19295,156,46,Female
766,Todd,Kigelman,3/17/2023,Male,Parsley - Fresh,Male,,Suite 25,234,22,Male
767,Virginia,Ockleshaw,7/11/2023,Female,Pastry - Plain Baked Croissant,Male,7/26/2023,17th Floor,450,36,Female
768,Consuelo,Thon,5/28/2023,Female,Bread - Mini Hamburger Bun,Male,1/24/2024,Apt 1200,346,45,Male
769,Carrie,Woollends,9/28/2022,Female,Marjoram - Fresh,Female,10/28/2023,Apt 1097,400,22,Female
770,Genevieve,Gerdes,4/22/2023,Female,Green Scrubbie Pad H.duty,Female,11/7/2023,PO Box 7756,229,25,Male
771,Todd,Lindop,4/18/2023,Male,Muffin Mix - Blueberry,Female,,Room 50,279,42,Female
772,Dominik,Striker,6/23/2022,Male,Beef - Tender Tips,Male,6/5/2023,,26,20,Male
773,Lennie,Bounds,8/16/2023,Male,"Juice - Tomato, 48 Oz",Female,12/3/2023,,11,45,Female
774,Rahal,Bristowe,7/28/2022,Female,Clam Nectar,Female,,,239,32,Female
775,Leif,Ledwith,2/5/2023,Male,"Vermouth - White, Cinzano",Female,,16th Floor,280,42,Male
776,Igor,Comello,11/25/2022,Male,Wine - Fino Tio Pepe Gonzalez,Female,3/31/2023,Room 1066,105,39,Male
777,Quintus,Mathias,7/29/2022,Male,Tomato Puree,Male,2/27/2024,Apt 1574,17,29,Male
778,Findley,Bywaters,2/22/2023,Male,Contreau,Female,7/24/2023,,279,28,Female
779,Dominik,Ralls,7/6/2022,Male,Cactus Pads,Female,6/26/2023,Suite 10,264,35,Male
780,Raven,Vasilyev,5/15/2023,Female,Onions - Green,Male,,PO Box 34757,90,45,Male
781,Sallie,Vasiliu,1/14/2023,Female,Kellogs Cereal In A Cup,Male,7/20/2023,Suite 47,463,24,Male
782,Derek,Carrick,9/3/2022,Male,Bananas,Male,,7th Floor,261,36,Female
783,Marcille,Osbourn,4/10/2023,Genderfluid,Pate Pans Yellow,Female,,PO Box 38221,288,24,Female
784,Keene,de Nore,7/25/2022,Male,Trueblue - Blueberry,Male,,13th Floor,460,31,Female
785,Hamid,Muslim,8/26/2022,Male,Cookies - Englishbay Chochip,Female,6/10/2023,Suite 62,226,29,Female
786,Janella,Pflieger,9/8/2022,Female,The Pop Shoppe - Black Cherry,Male,6/18/2023,Room 587,330,42,Female
787,Adi,Hoyland,9/14/2023,Female,Wine - Magnotta - Cab Franc,Female,3/22/2023,Room 894,380,50,Female
788,Leela,Struys,3/14/2023,Female,Island Oasis - Peach Daiquiri,Male,,Apt 644,498,43,Female
789,Seline,Mapson,8/26/2022,Female,Sambuca - Opal Nera,Male,6/2/2023,Suite 74,408,43,Male
790,Kristin,Keitch,7/18/2022,Bigender,"Yogurt - Strawberry, 175 Gr",Female,2/22/2024,Room 609,500,40,Female
791,Meriel,Bunyard,1/11/2023,Female,Nantucket Cranberry Juice,Female,1/31/2023,,152,48,Male
792,Bearnard,Kirkby,3/1/2023,Male,Vinegar - Red Wine,Male,1/6/2023,1st Floor,346,36,Male
793,Brandais,Burnie,7/3/2022,Agender,Tea - Herbal I Love Lemon,Female,11/22/2023,Apt 1816,434,29,Female
794,Dwayne,Corder,9/16/2023,Male,Flavouring - Orange,Female,,Suite 14,81,20,Female
795,Saunder,Larvor,11/29/2022,Male,Pasta - Cheese / Spinach Bauletti,Female,2/15/2023,,483,36,Female
796,Mallory,McCosh,12/20/2022,Male,Lumpfish Black,Female,,19th Floor,238,45,Female
797,Jacqueline,Castelot,10/14/2022,Female,Island Oasis - Lemonade,Male,1/27/2023,PO Box 33948,50,30,Female
798,Glori,Crockford,7/8/2023,Female,Crab - Imitation Flakes,Male,2/8/2023,,67,38,Female
799,Caz,Hedworth,7/5/2022,Male,Pineapple - Regular,Female,1/21/2024,Room 150,140,19,Male
800,Johnathon,Yelyashev,1/16/2023,Agender,Eggplant - Baby,Female,4/14/2023,Suite 42,227,23,Male
801,Jessie,Pelz,8/22/2023,Male,Egg - Salad Premix,Male,12/7/2022,PO Box 84143,110,27,Male
802,Damien,Mattusevich,11/9/2022,Male,Lid - 0090 Clear,Male,3/13/2023,Apt 1421,281,21,Female
803,Patrick,Summerley,7/5/2023,Male,Corn Kernels - Frozen,Female,11/6/2023,16th Floor,416,30,Female
804,Glad,Giordano,8/17/2022,Female,Paper Cocktail Umberlla 80 - 180,Female,1/6/2024,Apt 1406,232,30,Female
805,Gena,Innocent,9/19/2023,Female,"Tart Shells - Barquettes, Savory",Female,10/20/2023,Apt 29,259,24,Female
806,Grove,Widdecombe,4/9/2023,Male,"Tomatoes - Cherry, Yellow",Male,11/22/2022,PO Box 87505,363,45,Female
807,Luise,Braidman,11/22/2022,Female,Easy Off Oven Cleaner,Female,7/3/2023,Apt 1729,365,37,Male
808,Bartram,Colbert,8/18/2022,Male,Bread Sour Rolls,Female,8/9/2023,7th Floor,264,23,Male
809,Augusta,Stanlock,2/6/2023,Female,"Lemonade - Mandarin, 591 Ml",Male,,Apt 1389,136,49,Female
810,Cammi,Rawdall,3/15/2023,Female,Mountain Dew,Female,5/31/2023,Suite 73,307,28,Female
811,Carolina,Trobridge,11/20/2022,Female,"Wine - Red, Black Opal Shiraz",Male,8/10/2023,4th Floor,292,47,Female
812,Esmeralda,Connor,12/22/2022,Female,Tea - Decaf 1 Cup,Male,5/8/2023,2nd Floor,435,41,Male
813,Olin,Faiers,8/1/2023,Male,Sage - Fresh,Female,9/28/2023,5th Floor,109,20,Male
814,Nelia,Kelk,12/15/2022,Female,Pheasants - Whole,Female,1/30/2024,Apt 945,321,35,Male
815,Burch,Flannery,6/16/2022,Male,"Vinegar - Balsamic, White",Male,6/6/2023,PO Box 45469,357,31,Female
816,Thornie,Demanche,12/6/2022,Male,Nut - Macadamia,Female,,Suite 81,466,47,Male
817,Trumaine,Pentlow,7/24/2023,Male,Wine - Chateau Bonnet,Female,12/25/2023,,437,49,Female
818,Jasun,Whorlton,8/11/2023,Male,Wine - Mondavi Coastal Private,Female,11/20/2022,,81,26,Male
819,Suzy,Chartres,7/5/2023,Female,Milk - Homo,Female,7/2/2023,9th Floor,64,40,Female
820,Pancho,Caddens,1/8/2023,Male,Sprouts - Peppercress,Male,9/25/2023,Apt 1745,485,48,Female
821,Mordy,Cove,10/27/2022,Non-binary,Lotus Rootlets - Canned,Male,3/5/2023,Apt 46,312,38,Female
822,Stacie,Vint,3/8/2023,Female,Cheese - Victor Et Berthold,Male,7/30/2023,3rd Floor,4,23,Female
823,Rori,Gleave,5/12/2023,Female,"Asparagus - White, Fresh",Male,,Apt 95,284,50,Female
824,Victor,Pranger,11/17/2022,Male,Swiss Chard,Male,2/25/2023,,444,23,Female
825,Min,Savins,12/27/2022,Female,Oven Mitts - 15 Inch,Male,,,313,42,Male
826,Symon,Ladley,10/8/2022,Male,Cookie - Dough Variety,Female,10/20/2023,PO Box 81217,93,47,Female
827,Max,Stickland,11/11/2022,Male,Onions - Red,Female,7/4/2023,,134,43,Female
828,Brandie,Woof,8/11/2023,Female,Beer - Mill St Organic,Male,,Suite 16,147,45,Male
829,Belia,Guyonneau,5/21/2023,Non-binary,Apples - Sliced / Wedge,Female,1/26/2023,Suite 35,494,27,Male
830,Kaleena,Newbold,7/6/2022,Female,"Star Anise, Whole",Male,,13th Floor,464,41,Male
831,Irwinn,Woodland,7/6/2022,Male,"Pasta - Bauletti, Chicken White",Female,1/3/2023,PO Box 3549,443,50,Female
832,Gamaliel,Howood,10/17/2022,Male,Tomato - Tricolor Cherry,Male,2/12/2024,Apt 747,231,35,Female
833,Ingaberg,Klejna,6/7/2023,Female,Foil Wrap,Male,2/3/2023,,129,44,Male
834,Pamela,Slayford,8/27/2023,Female,Chickensplit Half,Male,,PO Box 91734,470,29,Female
835,Meryl,Shildrake,12/11/2022,Male,Plastic Arrow Stir Stick,Male,,Suite 93,345,49,Female
836,Beltran,Tabourier,2/1/2023,Male,Sauce - Ranch Dressing,Female,12/30/2022,19th Floor,206,38,Female
837,Hall,Coggon,11/20/2022,Male,Currants,Female,10/10/2023,Suite 69,191,26,Male
838,Terrie,Ledson,6/25/2023,Female,Cheese - Cottage Cheese,Female,,,83,28,Female
839,Zilvia,Posten,4/22/2023,Female,Coconut Milk - Unsweetened,Female,,,119,29,Male
840,Bogart,Stolze,6/2/2022,Male,Sauce - Hoisin,Male,1/31/2024,Room 161,108,20,Male
841,Esther,Domaschke,12/6/2022,Female,Bread - Corn Muffaletta,Female,5/9/2023,Room 718,354,48,Male
842,Meir,Asquith,7/3/2023,Male,Water - San Pellegrino,Female,,PO Box 29877,34,19,Male
843,Hally,Sage,10/10/2022,Female,"Red Snapper - Fresh, Whole",Female,6/2/2023,Room 1874,440,18,Female
844,Amata,Sargood,7/5/2023,Female,Mushroom Morel Fresh,Male,,2nd Floor,39,45,Female
845,Camellia,Smickle,3/5/2023,Female,Water - Tonic,Female,7/18/2023,PO Box 74086,464,30,Male
846,Barbey,Stedman,4/29/2023,Female,Thyme - Dried,Male,2/9/2023,Room 1831,498,23,Female
847,Pansy,Trehearn,4/23/2023,Female,Pork - Back Ribs,Male,1/30/2023,PO Box 18805,58,23,Female
848,Kenton,Micklem,7/2/2022,Male,Beans - Fine,Female,2/7/2024,Suite 27,73,19,Female
849,Berkley,Hardinge,12/15/2022,Male,Truffle Cups - White Paper,Male,2/14/2023,Suite 65,220,27,Female
850,Cristina,Bench,1/3/2023,Female,Beef - Short Ribs,Male,,Apt 1375,81,47,Male
851,Lloyd,Le Brum,12/18/2022,Bigender,Venison - Liver,Female,5/20/2023,,455,24,Male
852,Hartley,Jeyness,5/25/2023,Male,"Oil - Truffle, White",Male,,,300,27,Male
853,Dallon,Jelly,7/25/2023,Male,Island Oasis - Cappucino Mix,Male,2/12/2024,Room 569,495,33,Male
854,Oralle,Early,12/31/2022,Genderqueer,Soup - Campbells,Female,9/3/2023,Apt 684,393,43,Male
855,Mel,Dyble,8/19/2023,Male,Brandy - Bar,Female,,Room 555,428,37,Female
856,Kirbee,Carmel,11/7/2022,Female,Lambcasing,Male,11/28/2022,,257,20,Female
857,Curcio,Dullaghan,8/12/2022,Male,Beef - Eye Of Round,Male,2/20/2023,,243,30,Female
858,Siward,Formoy,10/30/2022,Male,Pork - Bacon Cooked Slcd,Male,7/1/2023,PO Box 9598,160,46,Male
859,Noe,Sirl,9/9/2023,Male,"Chicken - Thigh, Bone In",Female,,PO Box 51278,330,25,Male
860,Jerrome,Toffanelli,6/14/2023,Male,Sugar - Brown,Male,,PO Box 45973,57,39,Male
861,Myrilla,Curtois,7/31/2022,Female,Flower - Daisies,Female,1/27/2024,Apt 1658,272,40,Female
862,Dannie,Brundell,3/22/2023,Female,Chicken - Whole,Male,2/11/2023,Apt 1408,62,46,Female
863,Horatio,Tibbles,6/25/2023,Non-binary,"Veal - Inside, Choice",Male,1/20/2023,Suite 63,342,23,Female
864,Forrester,Snaith,7/29/2022,Male,Dc - Sakura Fu,Male,2/23/2023,,435,47,Male
865,Zeb,Aplin,8/5/2023,Male,Muffin Mix - Banana Nut,Female,,Suite 31,111,33,Male
866,Tamma,Polgreen,6/28/2022,Female,Plums - Red,Female,,10th Floor,445,21,Male
867,Adelind,Carlo,11/29/2022,Female,"Fish - Base, Bouillion",Female,1/11/2023,Apt 1941,181,45,Female
868,Bathsheba,Delepine,7/16/2023,Female,Beets - Pickled,Female,12/18/2023,Suite 54,386,18,Female
869,Leeland,Hobben,7/13/2022,Male,"Wine - Red, Wolf Blass, Yellow",Male,1/29/2023,Suite 10,46,30,Female
870,Sawyere,Seatter,6/3/2022,Male,Muffin Mix - Chocolate Chip,Male,6/16/2023,2nd Floor,260,43,Male
871,Basilio,Wilde,7/23/2023,Male,Allspice - Jamaican,Male,6/15/2023,Suite 80,264,35,Female
872,Maddy,Geaney,2/23/2023,Female,"Lamb - Pieces, Diced",Male,6/10/2023,Suite 7,435,18,Male
873,Bernardina,Baudic,2/14/2023,Female,Artichokes - Jerusalem,Male,5/27/2023,Apt 338,305,35,Male
874,Egor,Talbot,11/13/2022,Polygender,Coffee Caramel Biscotti,Female,1/12/2023,Suite 36,99,37,Male
875,Veronike,Gerram,7/20/2022,Female,Mousse - Passion Fruit,Male,1/25/2023,Suite 99,116,32,Male
876,Tallie,Jacquemet,12/28/2022,Female,Muffin Hinge 117n,Female,2/18/2023,,116,30,Male
877,Norry,Norvel,7/1/2023,Male,Pheasants - Whole,Male,3/26/2023,Apt 1567,204,42,Female
878,Natty,Rops,5/30/2023,Agender,"Chocolate - Pistoles, White",Male,,Room 829,437,25,Female
879,Ninon,Bentz,4/4/2023,Female,Soup - Base Broth Chix,Male,10/31/2023,PO Box 96027,391,29,Male
880,Lucilia,Hymers,7/8/2022,Female,"Chicken - Leg, Boneless",Female,1/13/2024,Apt 1937,201,23,Female
881,Lynnell,Ellar,8/19/2023,Female,Pickles - Gherkins,Male,,Room 1938,475,47,Male
882,Leontine,Grindley,8/8/2023,Female,Coriander - Seed,Male,,5th Floor,235,38,Male
883,Minny,Baudains,7/13/2023,Genderqueer,Tea - Lemon Green Tea,Female,12/17/2022,,236,41,Male
884,Leupold,Issard,4/28/2023,Non-binary,"Juice - Orange, Concentrate",Female,,PO Box 64684,244,37,Male
885,Onofredo,St. John,8/4/2022,Male,Pepper - Green,Male,11/30/2022,Suite 40,449,35,Female
886,Giselbert,Hatchette,2/28/2023,Male,"Bread - Rolls, Rye",Male,9/26/2023,Suite 41,489,41,Female
887,Felecia,Jeeks,6/29/2023,Female,Mushroom Morel Fresh,Male,2/22/2023,Suite 22,460,29,Male
888,Ky,Harp,9/27/2022,Genderfluid,Filter - Coffee,Female,7/20/2023,Room 720,135,25,Female
889,Jessee,Hammor,7/10/2022,Male,Numi - Assorted Teas,Male,4/21/2023,,59,44,Male
890,Vassily,Noden,8/1/2023,Male,Cheese - Brie,Female,1/29/2023,Suite 85,35,49,Female
891,Rodi,Flea,6/1/2022,Female,Wine - Balbach Riverside,Male,5/21/2023,,369,32,Female
892,Elita,Brandi,3/29/2023,Female,Rabbit - Saddles,Male,2/25/2024,PO Box 89672,498,22,Female
893,Muhammad,Dudill,9/21/2023,Male,Bay Leaf Ground,Female,,13th Floor,287,44,Female
894,Franni,Rantoul,8/30/2023,Female,Cotton Wet Mop 16 Oz,Female,,PO Box 82208,50,21,Female
895,Freddie,Chattaway,5/18/2023,Female,Muffin Mix - Morning Glory,Female,8/10/2023,Apt 1114,29,47,Female
896,Sancho,Benns,11/6/2022,Male,Guava,Female,11/28/2023,Room 1803,3,37,Male
897,Yvonne,Abele,7/10/2022,Female,"Mushroom - Shitake, Dry",Female,12/29/2022,Room 557,348,21,Male
898,Myrvyn,Glanvill,9/8/2023,Male,"Beer - Alexander Kieths, Pale Ale",Female,11/2/2023,4th Floor,162,28,Female
899,Taffy,Laurie,7/8/2023,Female,"Beef - Baby, Liver",Male,11/25/2022,Apt 288,235,32,Female
900,Lacey,Losebie,7/14/2023,Female,Yoghurt Tubes,Male,11/21/2023,Suite 94,233,48,Male
901,Falkner,Ebbings,9/19/2023,Male,Chicken Breast Halal,Female,,Room 1673,31,24,Male
902,Wilden,Pavitt,11/19/2022,Male,Orange Roughy 4/6 Oz,Male,11/5/2023,,386,34,Male
903,Brandea,Stredder,12/12/2022,Female,French Pastry - Mini Chocolate,Female,1/21/2024,8th Floor,334,28,Female
904,Collete,Ickov,6/9/2022,Female,Mountain Dew,Female,12/31/2023,Suite 15,78,50,Female
905,Maje,Stemson,1/15/2023,Male,Gatorade - Cool Blue Raspberry,Male,7/20/2023,Room 1918,409,43,Female
906,Erminie,Haile,7/4/2022,Female,Papayas,Male,12/2/2023,Apt 550,175,41,Female
907,Urbain,O'Bruen,5/11/2023,Agender,Aspic - Light,Female,,Apt 1817,228,24,Male
908,Alex,Tallowin,1/25/2023,Female,Juice - Orangina,Female,8/20/2023,Apt 175,163,39,Female
909,Benji,Eynon,3/14/2023,Male,Scallops - U - 10,Female,1/27/2024,Apt 1735,84,26,Female
910,Etienne,Beining,9/16/2022,Male,Lobster - Cooked,Female,2/20/2023,Room 1682,382,34,Male
911,Roda,Grewcock,10/26/2022,Female,Glass Clear 8 Oz,Male,2/15/2024,Room 77,106,28,Male
912,Liliane,Leyden,10/4/2022,Female,Saskatoon Berries - Frozen,Male,7/20/2023,Room 800,328,43,Female
913,Caresa,Giacobelli,10/10/2022,Female,Tea - Honey Green Tea,Male,7/6/2023,Suite 95,481,35,Female
914,Vivie,Andresser,12/25/2022,Female,Foil Wrap,Female,4/15/2023,Suite 12,180,22,Female
915,Ulysses,Corrie,8/1/2023,Male,Cornish Hen,Male,1/26/2023,16th Floor,457,48,Male
916,Quinn,MacMenamie,9/17/2023,Male,"Water - Mineral, Natural",Male,3/12/2023,PO Box 52382,6,32,Female
917,Padget,Brixey,8/30/2023,Male,Chinese Foods - Plain Fried Rice,Female,12/13/2022,Room 1299,128,23,Female
918,Kit,Baack,5/25/2023,Male,Food Colouring - Blue,Female,,Room 40,323,35,Female
919,Dori,Doni,12/7/2022,Female,"Pasta - Penne Primavera, Single",Male,,Apt 1374,52,35,Male
920,Humfried,Cassells,6/27/2022,Male,Wine - Balbach Riverside,Male,4/8/2023,17th Floor,321,32,Male
921,Alleen,Alsop,2/9/2023,Female,"Wine - Red, Cabernet Merlot",Female,2/18/2024,Apt 63,276,24,Male
922,Eleni,Penley,8/21/2022,Female,Thyme - Fresh,Male,11/11/2022,,9,31,Male
923,Ned,Gascoine,3/14/2023,Male,Food Colouring - Orange,Female,,PO Box 66028,278,29,Male
924,Cari,O'Haire,4/5/2023,Female,Southern Comfort,Female,4/17/2023,Suite 40,202,23,Male
925,Calypso,Naseby,9/22/2023,Female,Pork Salted Bellies,Male,,PO Box 69712,70,49,Male
926,Fidelio,Ravillas,8/16/2023,Male,"Soup - Campbells, Lentil",Male,5/22/2023,Apt 1637,438,41,Male
927,Schuyler,Staner,10/21/2022,Male,Wine - Fume Blanc Fetzer,Male,9/15/2023,PO Box 70760,73,47,Male
928,Emmott,Egan,4/7/2023,Male,Ecolab - Hobart Upr Prewash Arm,Female,10/14/2023,Apt 1842,25,43,Female
929,Silvester,Abisetti,4/12/2023,Male,Cheese - Swiss Sliced,Female,1/10/2024,Room 916,420,19,Female
930,Hewitt,Rangle,9/10/2022,Male,Macaroons - Homestyle Two Bit,Male,12/17/2022,PO Box 35708,289,35,Male
931,Armando,Goodright,5/13/2023,Male,Arizona - Green Tea,Female,,Room 489,21,30,Male
932,Miner,Spittall,3/12/2023,Male,"Oil - Truffle, White",Female,,Suite 6,320,25,Male
933,Roderigo,Feaviour,7/12/2022,Male,Chicken - Livers,Female,5/19/2023,Room 278,391,49,Male
934,Joann,Rouby,7/8/2022,Female,Wine - Pinot Noir Latour,Male,1/28/2023,Room 1752,293,48,Male
935,Heinrick,Weatherhill,11/19/2022,Male,Onions - Cooking,Male,11/26/2022,8th Floor,395,28,Female
936,Marget,Vaan,6/25/2022,Female,Sobe - Liz Blizz,Male,1/11/2023,Apt 542,354,45,Male
937,Donetta,Stammler,8/19/2023,Female,Egg Patty Fried,Female,11/12/2022,16th Floor,476,37,Female
938,Brigida,Meiningen,7/3/2022,Female,Flavouring - Orange,Female,11/8/2023,Suite 96,63,49,Male
939,Fin,Thurston,2/27/2023,Male,Wine - Cabernet Sauvignon,Male,11/30/2023,Apt 1026,204,32,Male
940,Glyn,Drane,7/25/2023,Male,Uniform Linen Charge,Female,3/15/2023,18th Floor,13,40,Female
941,Ramsey,Bellany,8/11/2023,Male,Bread Country Roll,Male,,16th Floor,28,33,Female
942,Garold,McKeevers,1/23/2023,Male,Oil - Sunflower,Female,10/8/2023,Suite 4,234,29,Female
943,Sawyere,Colebourn,8/7/2022,Male,Hipnotiq Liquor,Female,11/12/2022,,216,45,Male
944,Aron,Deedes,5/12/2023,Male,"Fish - Halibut, Cold Smoked",Female,2/18/2024,PO Box 35598,7,37,Male
945,Chrissy,Hunnisett,10/20/2022,Female,Jicama,Male,,19th Floor,442,18,Female
946,Herminia,Bourget,9/16/2023,Female,Bagel - 12 Grain Preslice,Female,,Apt 1354,72,48,Male
947,Lennard,Lenton,12/23/2022,Male,Nori Sea Weed,Male,2/14/2023,Room 724,197,43,Male
948,Kale,Bottom,8/9/2023,Male,"Wine - Red, Wolf Blass, Yellow",Male,3/16/2023,5th Floor,233,33,Male
949,Callie,Schultheiss,1/6/2023,Non-binary,"Tomatoes - Cherry, Yellow",Male,,Suite 54,488,29,Female
950,Brina,Harsnipe,12/28/2022,Bigender,Apricots - Halves,Male,5/5/2023,,442,23,Male
951,Rossie,Goldsworthy,7/3/2022,Male,Pumpkin - Seed,Male,5/26/2023,Room 156,183,21,Male
952,Lorna,Stenner,3/28/2023,Female,Cherries - Frozen,Male,11/28/2022,,450,27,Female
953,Ruthie,Lesmonde,7/17/2022,Female,Cheese - Goat,Female,2/16/2024,Room 812,60,18,Female
954,Abbey,Dzeniskevich,5/22/2023,Polygender,"Bread - Roll, Whole Wheat",Female,1/17/2023,PO Box 76537,355,18,Male
955,Rolph,Maytum,7/29/2022,Male,Cookies Almond Hazelnut,Male,7/1/2023,PO Box 11664,454,38,Female
956,Feliza,Ducaen,2/13/2023,Female,"Capon - Breast, Wing On",Male,,Room 1138,374,32,Male
957,Wynn,Bowmaker,11/13/2022,Female,"Coffee - Colombian, Portioned",Female,5/17/2023,,265,28,Female
958,Griffy,Hallyburton,4/24/2023,Male,French Pastries,Female,2/25/2023,6th Floor,42,33,Female
959,Josie,Penreth,3/8/2023,Female,Ice Cream Bar - Oreo Sandwich,Female,10/30/2023,PO Box 327,21,47,Male
960,Gui,Hartus,12/23/2022,Female,"Pasta - Canelloni, Single Serve",Male,2/23/2023,Suite 8,367,31,Female
961,Fania,Ahearne,3/28/2023,Female,Turnip - Wax,Female,12/5/2022,,126,46,Female
962,Catina,Shyram,6/16/2023,Female,Cinnamon - Stick,Male,3/12/2023,12th Floor,250,40,Male
963,Tobias,Orht,4/3/2023,Male,Maple Syrup,Male,2/24/2024,,241,24,Female
964,Constantina,Priest,7/16/2022,Bigender,"Soup - Clam Chowder, Dry Mix",Male,4/3/2023,,444,43,Female
965,Erik,Johnys,4/30/2023,Male,Edible Flower - Mixed,Male,9/12/2023,PO Box 42046,4,28,Female
966,Wilden,Derobert,5/7/2023,Male,Beer - Mcauslan Apricot,Female,6/23/2023,4th Floor,176,40,Female
967,Kerwinn,Gasparro,12/26/2022,Male,Bag - Regular Kraft 20 Lb,Female,1/10/2023,Room 1390,222,48,Female
968,Pincus,Francino,2/11/2023,Male,Beans - Butter Lrg Lima,Male,,Apt 155,143,43,Male
969,Vanya,Huitson,5/6/2023,Female,Juice - Happy Planet,Female,4/30/2023,,172,22,Female
970,Lari,MacElholm,7/2/2022,Female,Laundry - Bag Cloth,Female,8/12/2023,PO Box 11097,451,31,Male
971,Elena,Petworth,9/9/2023,Female,Herb Du Provence - Primerba,Female,11/11/2022,14th Floor,226,18,Female
972,Chrissie,Scholler,9/3/2023,Male,"Juice - Clamato, 341 Ml",Female,1/3/2023,PO Box 17850,204,22,Male
973,Ivar,Pountney,3/2/2023,Male,Lid Coffeecup 12oz D9542b,Male,1/7/2024,Apt 1291,308,39,Female
974,Louie,Staff,6/5/2023,Male,Calypso - Pineapple Passion,Male,5/18/2023,Room 1712,427,28,Female
975,Rikki,Rubel,11/20/2022,Bigender,"Beef - Bones, Marrow",Female,11/18/2023,Apt 1486,322,22,Female
976,Feodor,Bly,7/3/2023,Male,Yeast Dry - Fleischman,Female,,PO Box 93081,342,48,Female
977,Thedrick,Flintoft,7/30/2023,Male,Five Alive Citrus,Male,,Suite 81,159,37,Male
978,Rudolph,Blasdale,7/30/2022,Male,Transfer Sheets,Male,8/20/2023,Apt 1467,83,18,Male
979,Tiertza,Landells,7/8/2022,Female,Pur Source,Male,2/28/2023,Suite 31,21,40,Female
980,Felice,Hibbart,9/17/2023,Male,Chicken Giblets,Female,,15th Floor,127,19,Female
981,Cordelia,Wyborn,10/9/2022,Non-binary,Longos - Burritos,Female,,11th Floor,424,28,Female
982,Norrie,Artis,12/21/2022,Male,Lid - 16 Oz And 32 Oz,Male,11/22/2022,Apt 26,365,29,Female
983,Jakie,Haquin,10/27/2022,Male,Noodles - Steamed Chow Mein,Female,12/21/2023,Room 1797,139,34,Female
984,Caryn,MacNeilly,7/3/2022,Female,Foie Gras,Female,9/23/2023,Room 130,316,24,Female
985,Misti,Tafani,6/22/2023,Female,Duck - Breast,Female,3/26/2023,13th Floor,191,37,Male
986,Pall,Twells,11/26/2022,Male,Nantuket Peach Orange,Male,2/15/2024,Room 1480,456,26,Female
987,Joni,Flintuff,3/8/2023,Female,Potatoes - Fingerling 4 Oz,Male,11/23/2022,PO Box 64524,38,30,Male
988,Irvine,Lidgertwood,6/11/2022,Male,Bread Crumbs - Japanese Style,Male,10/30/2023,Room 1142,300,50,Female
989,Jephthah,Bateson,6/12/2023,Male,Calypso - Lemonade,Male,11/15/2023,Room 1203,342,33,Female
990,Anabella,Searston,10/20/2022,Female,Sea Bass - Fillets,Male,4/3/2023,Apt 423,286,30,Female
991,Marika,Masseo,10/20/2022,Female,Tarragon - Fresh,Female,,Apt 337,322,42,Male
992,Kalina,Rapport,6/26/2023,Female,"Yogurt - Raspberry, 175 Gr",Female,2/5/2024,18th Floor,52,24,Female
993,Moises,Windley,7/31/2022,Male,Table Cloth 62x114 Colour,Female,4/26/2023,Room 242,369,23,Male
994,Margery,Gertz,10/8/2022,Female,Bagel - Everything Presliced,Male,12/6/2023,Room 952,242,46,Female
995,Tonye,Saggs,11/11/2022,Female,Pastry - Choclate Baked,Male,9/17/2023,Room 79,149,18,Male
996,Sandy,Ower,8/17/2023,Male,Hagen Daza - Dk Choocolate,Male,,Apt 936,280,33,Female
997,Joycelin,Haith,9/3/2022,Female,Plasticforkblack,Female,12/9/2022,7th Floor,458,40,Male
998,Casie,Aleksankin,7/9/2023,Female,"Juice - Orange, 341 Ml",Female,,Apt 93,475,45,Female
999,Kayle,Oaker,5/16/2023,Female,Swiss Chard - Red,Male,6/27/2023,Room 1091,457,44,Female
1000,Fulvia,Folkerd,6/4/2022,Female,Plastic Arrow Stir Stick,Male,5/10/2023,Room 1784,382,43,Male
